,Date,Open,High,Low,Close,Adj Close,Volume
338,2017-01-03,28.950001,29.0825,28.690001,29.0375,27.219833,115127600
339,2017-01-04,28.9625,29.127501,28.9375,29.004999,27.189369,84472400
340,2017-01-05,28.98,29.215,28.952499,29.1525,27.327635,88774400
341,2017-01-06,29.195,29.540001,29.1175,29.477501,27.632288,127007600
342,2017-01-09,29.487499,29.8575,29.485001,29.747499,27.885387,134247600
343,2017-01-10,29.692499,29.844999,29.575001,29.7775,27.913511,97848400
344,2017-01-11,29.684999,29.9825,29.65,29.9375,28.063496,110354400
345,2017-01-12,29.725,29.825001,29.5525,29.8125,27.946316,108344800
346,2017-01-13,29.7775,29.905001,29.702499,29.76,27.897104,104447600
347,2017-01-17,29.584999,30.059999,29.555,30.0,28.122086,137759200
348,2017-01-18,30.0,30.125,29.9275,29.997499,28.119741,94852000
349,2017-01-19,29.85,30.022499,29.842501,29.945,28.07053,102389200
350,2017-01-20,30.112499,30.112499,29.932501,30.0,28.122086,130391600
351,2017-01-23,30.0,30.202499,29.942499,30.02,28.140833,88200800
352,2017-01-24,29.887501,30.025,29.875,29.9925,28.115057,92844000
353,2017-01-25,30.105,30.525,30.07,30.469999,28.562662,129510400
354,2017-01-26,30.4175,30.610001,30.4,30.485001,28.576723,105350400
355,2017-01-27,30.535,30.5875,30.4,30.487499,28.579069,82251600
356,2017-01-30,30.2325,30.407499,30.165001,30.407499,28.504076,121510000
357,2017-01-31,30.2875,30.3475,30.155001,30.3375,28.438457,196804000
358,2017-02-01,31.7575,32.622501,31.752501,32.1875,30.172649,447940000
359,2017-02-02,31.995001,32.3475,31.945,32.1325,30.121098,134841600
360,2017-02-03,32.077499,32.297501,32.040001,32.27,30.249989,98029200
361,2017-02-06,32.282501,32.625,32.224998,32.572498,30.533546,107383600
362,2017-02-07,32.634998,33.022499,32.612499,32.8825,30.824152,152735200
363,2017-02-08,32.837502,33.055,32.805,33.009998,30.943666,92016400
364,2017-02-09,32.912498,33.112499,32.779999,33.105,31.167267,113399600
365,2017-02-10,33.115002,33.235001,33.012501,33.029999,31.096655,80262000
366,2017-02-13,33.27,33.455002,33.1875,33.322498,31.372034,92141600
367,2017-02-14,33.3675,33.772499,33.3125,33.755001,31.779215,132904800
368,2017-02-15,33.880001,34.067501,33.654999,33.877499,31.894552,142492400
369,2017-02-16,33.9175,33.974998,33.709999,33.837502,31.856894,90338400
370,2017-02-17,33.775002,33.9575,33.775002,33.93,31.94397,88792800
371,2017-02-21,34.057499,34.1875,33.994999,34.174999,32.174633,98028800
372,2017-02-22,34.107498,34.279999,34.0275,34.2775,32.271126,83347600
373,2017-02-23,34.345001,34.369999,34.075001,34.1325,32.134621,83152800
374,2017-02-24,33.977501,34.165001,33.82,34.165001,32.165211,87106400
375,2017-02-27,34.285,34.360001,34.07,34.232498,32.228767,81029600
376,2017-02-28,34.27,34.360001,34.174999,34.247501,32.242886,93931600
377,2017-03-01,34.4725,35.037498,34.400002,34.947498,32.90192,145658400
378,2017-03-02,35.0,35.07,34.689999,34.740002,32.706562,104844000
379,2017-03-03,34.695,34.9575,34.647499,34.945,32.899563,84432400
380,2017-03-06,34.842499,34.942501,34.650002,34.834999,32.795998,87000000
381,2017-03-07,34.764999,34.994999,34.697498,34.880001,32.838367,69785200
382,2017-03-08,34.737499,34.950001,34.705002,34.75,32.715973,74828800
383,2017-03-09,34.685001,34.697498,34.262501,34.669998,32.640663,88623600
384,2017-03-10,34.8125,34.84,34.66,34.785,32.74892,78451200
385,2017-03-13,34.712502,34.857498,34.705002,34.799999,32.763046,69686800
386,2017-03-14,34.825001,34.912498,34.709999,34.747501,32.713631,61236400
387,2017-03-15,34.852501,35.1875,34.7575,35.115002,33.059616,102767200
388,2017-03-16,35.18,35.255001,35.064999,35.172501,33.113743,76928000
389,2017-03-17,35.25,35.25,34.9725,34.997501,32.948997,175540000
390,2017-03-20,35.099998,35.375,35.057499,35.365002,33.294979,86168000
391,2017-03-21,35.5275,35.700001,34.932499,34.959999,32.913689,158119600
392,2017-03-22,34.962502,35.400002,34.939999,35.355,33.285568,103440800
393,2017-03-23,35.314999,35.395,35.1525,35.23,33.167885,81385200
394,2017-03-24,35.375,35.435001,35.087502,35.16,33.101986,89582400
395,2017-03-27,34.8475,35.305,34.654999,35.220001,33.158478,94300400
396,2017-03-28,35.227501,36.009998,35.154999,35.950001,33.845741,133499200
397,2017-03-29,35.919998,36.122501,35.797501,36.029999,33.921055,116760000
398,2017-03-30,36.047501,36.125,35.875,35.982498,33.876339,84829200
399,2017-03-31,35.93,36.067501,35.752499,35.915001,33.812782,78646800
400,2017-04-03,35.927502,36.029999,35.762501,35.924999,33.822197,79942800
401,2017-04-04,35.8125,36.2225,35.7925,36.192501,34.074047,79565600
402,2017-04-05,36.055,36.365002,35.952499,36.005001,33.897522,110871600
403,2017-04-06,36.072498,36.130001,35.862499,35.915001,33.812782,84596000
404,2017-04-07,35.932499,36.044998,35.817501,35.834999,33.737476,66688800
405,2017-04-10,35.900002,35.970001,35.724998,35.7925,33.69746,75733600
406,2017-04-11,35.735001,35.837502,35.014999,35.407501,33.334995,121517600
407,2017-04-12,35.400002,35.537498,35.252499,35.450001,33.375004,81400000
408,2017-04-13,35.477501,35.595001,35.262501,35.262501,33.198486,71291600
409,2017-04-17,35.369999,35.470001,35.217499,35.4575,33.382061,66328400
410,2017-04-18,35.352501,35.509998,35.2775,35.299999,33.23378,58790000
411,2017-04-19,35.470001,35.5,35.112499,35.169998,33.111385,69313600
412,2017-04-20,35.305,35.73,35.290001,35.610001,33.525646,93278400
413,2017-04-21,35.610001,35.669998,35.462502,35.567501,33.485622,69283600
414,2017-04-24,35.875,35.987499,35.794998,35.91,33.808075,68537200
415,2017-04-25,35.977501,36.224998,35.967499,36.1325,34.017551,75486000
416,2017-04-26,36.1175,36.150002,35.845001,35.919998,33.817493,80164800
417,2017-04-27,35.98,36.040001,35.827499,35.947498,33.843384,56985200
418,2017-04-28,36.022499,36.075001,35.817501,35.912498,33.810429,83441600
419,2017-05-01,36.275002,36.799999,36.240002,36.645,34.500061,134411600
420,2017-05-02,36.884998,37.022499,36.709999,36.877499,34.718945,181408800
421,2017-05-03,36.397499,36.872501,36.067501,36.764999,34.613037,182788000
422,2017-05-04,36.630001,36.785,36.452499,36.6325,34.488293,93487600
423,2017-05-05,36.689999,37.244999,36.689999,37.240002,35.060242,109310800
424,2017-05-08,37.2575,38.424999,37.2575,38.252499,36.013462,195009600
425,2017-05-09,38.467499,38.720001,38.362499,38.497501,36.244125,156521600
426,2017-05-10,38.407501,38.485001,38.0275,38.314999,36.0723,103222800
427,2017-05-11,38.112499,38.517502,38.077499,38.487499,36.38427,109020400
428,2017-05-12,38.674999,39.105,38.6675,39.025002,36.892391,130108000
429,2017-05-15,39.002499,39.162498,38.762501,38.924999,36.797863,104038800
430,2017-05-16,38.985001,39.014999,38.68,38.8675,36.743507,80194000
431,2017-05-17,38.400002,38.642502,37.427502,37.5625,35.509819,203070800
432,2017-05-18,37.817501,38.334999,37.782501,38.134998,36.051037,134272800
433,2017-05-19,38.345001,38.494999,38.157501,38.264999,36.173935,107843200
434,2017-05-22,38.5,38.645,38.227501,38.497501,36.39373,91865600
435,2017-05-23,38.724998,38.724998,38.327499,38.450001,36.348824,79675600
436,2017-05-24,38.459999,38.5425,38.1675,38.334999,36.240101,76712000
437,2017-05-25,38.432499,38.587502,38.2575,38.467499,36.365356,76942400
438,2017-05-26,38.5,38.560001,38.327499,38.4025,36.303925,87710400
439,2017-05-30,38.355,38.607498,38.3325,38.4175,36.318089,80507600
440,2017-05-31,38.4925,38.5425,38.095001,38.189999,36.10302,97804800
441,2017-06-01,38.2925,38.3325,38.055,38.294998,36.20229,65616400
442,2017-06-02,38.395,38.862499,38.2225,38.862499,36.738773,111082800
443,2017-06-05,38.584999,38.612499,38.365002,38.482498,36.379543,101326800
444,2017-06-06,38.474998,38.952499,38.445,38.612499,36.502441,106499600
445,2017-06-07,38.755001,38.994999,38.619999,38.842499,36.719868,84278400
446,2017-06-08,38.8125,38.884998,38.599998,38.747501,36.630066,85003200
447,2017-06-09,38.797501,38.797501,36.505001,37.244999,35.209671,259530800
448,2017-06-12,36.435001,36.522499,35.627499,36.355,34.368305,289229200
449,2017-06-13,36.790001,36.862499,36.287498,36.647499,34.644817,136661600
450,2017-06-14,36.875,36.875,35.959999,36.290001,34.306858,126124800
451,2017-06-15,35.830002,36.119999,35.552502,36.072498,34.10125,128661600
452,2017-06-16,35.945,36.125,35.549999,35.567501,33.623848,201444400
453,2017-06-19,35.915001,36.685001,35.915001,36.584999,34.585735,130165600
454,2017-06-20,36.717499,36.717499,36.235001,36.252499,34.271404,99600400
455,2017-06-21,36.380001,36.517502,36.1525,36.467499,34.474655,85063200
456,2017-06-22,36.442501,36.674999,36.279999,36.407501,34.417938,76425200
457,2017-06-23,36.282501,36.790001,36.2775,36.57,34.571556,141757600
458,2017-06-26,36.7925,37.07,36.345001,36.455002,34.462841,102769600
459,2017-06-27,36.252499,36.540001,35.904999,35.932499,33.968895,99047600
460,2017-06-28,36.122501,36.5275,35.790001,36.4575,34.465214,88329600
461,2017-06-29,36.177502,36.282501,35.57,35.919998,33.957077,125997600
462,2017-06-30,36.112499,36.240002,35.945,36.005001,34.037437,92096400
463,2017-07-03,36.220001,36.325001,35.775002,35.875,33.914539,57111200
464,2017-07-05,35.922501,36.197498,35.68,36.022499,34.053982,86278400
465,2017-07-06,35.755001,35.875,35.602501,35.682499,33.732552,96515200
466,2017-07-07,35.724998,36.1875,35.724998,36.044998,34.075249,76806800
467,2017-07-10,36.0275,36.487499,35.842499,36.264999,34.28323,84362400
468,2017-07-11,36.182499,36.462502,36.095001,36.3825,34.394302,79127200
469,2017-07-12,36.467499,36.544998,36.205002,36.435001,34.443939,99538000
470,2017-07-13,36.375,37.122501,36.360001,36.942501,34.923706,100797600
471,2017-07-14,36.9925,37.3325,36.8325,37.259998,35.223854,80528400
472,2017-07-17,37.205002,37.724998,37.142502,37.389999,35.346748,95174000
473,2017-07-18,37.299999,37.532501,37.1675,37.52,35.469639,71475200
474,2017-07-19,37.619999,37.855,37.487499,37.755001,35.691807,83692000
475,2017-07-20,37.875,37.935001,37.547501,37.584999,35.531094,68974800
476,2017-07-21,37.497501,37.610001,37.220001,37.567501,35.514553,105010400
477,2017-07-24,37.645,38.110001,37.474998,38.022499,35.944679,85972800
478,2017-07-25,37.950001,38.459999,37.950001,38.185001,36.098293,75415600
479,2017-07-26,38.337502,38.482498,38.264999,38.365002,36.268467,63124000
480,2017-07-27,38.4375,38.497501,36.825001,37.639999,35.583088,129905200
481,2017-07-28,37.4725,37.557499,37.297501,37.375,35.332565,68854800
482,2017-07-31,37.474998,37.5825,37.032501,37.182499,35.150581,79383600
483,2017-08-01,37.275002,37.555,37.102501,37.512501,35.462559,141474400
484,2017-08-02,39.82,39.9375,39.040001,39.285,37.138195,279747200
485,2017-08-03,39.262501,39.302502,38.755001,38.892502,36.767147,108389200
486,2017-08-04,39.017502,39.349998,38.922501,39.0975,36.960934,82239600
487,2017-08-07,39.264999,39.73,39.1675,39.702499,37.532867,87481200
488,2017-08-08,39.650002,40.4575,39.567501,40.02,37.833023,144823600
489,2017-08-09,39.814999,40.317501,39.7775,40.264999,38.064629,104526000
490,2017-08-10,39.974998,40.0,38.657501,38.830002,36.852207,163217200
491,2017-08-11,39.150002,39.642502,39.017502,39.369999,37.3647,105028400
492,2017-08-14,39.830002,40.052502,39.6875,39.962502,37.927025,88490800
493,2017-08-15,40.165001,40.549999,40.035,40.400002,38.342247,117862000
494,2017-08-16,40.485001,40.627499,40.037498,40.237499,38.188019,110686400
495,2017-08-17,40.130001,40.177502,39.459999,39.465,37.454865,111762400
496,2017-08-18,39.465,39.875,39.18,39.375,37.369446,109712400
497,2017-08-21,39.375,39.4725,38.7775,39.302502,37.30064,105474000
498,2017-08-22,39.557499,40.0,39.505001,39.945,37.910419,86418400
499,2017-08-23,39.767502,40.1175,39.720001,39.994999,37.957874,77596400
500,2017-08-24,40.107498,40.185001,39.637501,39.817501,37.789406,79275600
501,2017-08-25,39.912498,40.139999,39.817501,39.965,37.929398,101920400
502,2017-08-28,40.035,40.5,39.982498,40.3675,38.31139,103864000
503,2017-08-29,40.025002,40.779999,40.0,40.727501,38.653061,118067600
504,2017-08-30,40.950001,40.9725,40.6525,40.837502,38.757458,109078400
505,2017-08-31,40.91,41.130001,40.869999,41.0,38.911686,107140400
506,2017-09-01,41.200001,41.235001,40.907501,41.012501,38.923546,66364400
507,2017-09-05,40.9375,41.0625,40.139999,40.52,38.456123,117874000
508,2017-09-06,40.677502,40.747501,40.130001,40.477501,38.415794,86606800
509,2017-09-07,40.522499,40.560001,40.09,40.314999,38.261574,87714000
510,2017-09-08,40.215,40.287498,39.6325,39.657501,37.637562,114446000
511,2017-09-11,40.125,40.512501,39.9725,40.375,38.31852,126323200
512,2017-09-12,40.6525,40.990002,39.692501,40.215,38.166668,286856000
513,2017-09-13,39.967499,39.990002,39.477501,39.912498,37.879566,179629600
514,2017-09-14,39.747501,39.849998,39.522499,39.57,37.554516,95042800
515,2017-09-15,39.6175,40.2425,39.5,39.970001,37.934135,196458400
516,2017-09-18,40.0275,40.125,39.5,39.6675,37.647057,113077600
517,2017-09-19,39.877499,39.942501,39.610001,39.682499,37.661282,83242400
518,2017-09-20,39.474998,39.564999,38.4575,39.017502,37.030159,211805600
519,2017-09-21,38.950001,38.950001,38.1875,38.3475,36.394279,150046800
520,2017-09-22,37.884998,38.067501,37.639999,37.9725,36.038383,186581600
521,2017-09-25,37.497501,37.9575,37.290001,37.637501,35.720451,177549200
522,2017-09-26,37.945,38.48,37.922501,38.285,36.334965,146640000
523,2017-09-27,38.450001,38.68,38.384998,38.557499,36.593594,102016800
524,2017-09-28,38.4725,38.57,38.174999,38.32,36.368183,88022000
525,2017-09-29,38.302502,38.532501,38.0,38.529999,36.56749,105199200
526,2017-10-02,38.564999,38.612499,38.18,38.452499,36.493935,74795200
527,2017-10-03,38.502499,38.772499,38.477501,38.619999,36.652901,64921200
528,2017-10-04,38.407501,38.465,38.115002,38.369999,36.41563,80655200
529,2017-10-05,38.544998,38.860001,38.512501,38.8475,36.868813,85135200
530,2017-10-06,38.7425,38.872501,38.639999,38.825001,36.847462,69630400
531,2017-10-09,38.952499,39.182499,38.872501,38.959999,36.97559,65051600
532,2017-10-10,39.014999,39.5,38.775002,38.974998,36.989815,62468000
533,2017-10-11,38.9925,39.244999,38.9375,39.137501,37.144047,67622400
534,2017-10-12,39.087502,39.342499,38.932499,39.0,37.013554,64500400
535,2017-10-13,39.182499,39.32,39.102501,39.247501,37.24844,65576800
536,2017-10-16,39.474998,40.0,39.412498,39.970001,37.934135,96486000
537,2017-10-17,39.945,40.217499,39.807499,40.1175,38.074131,75989200
538,2017-10-18,40.105,40.177502,39.900002,39.939999,37.905674,65496800
539,2017-10-19,39.1875,39.27,38.755001,38.994999,37.008808,170336800
540,2017-10-20,39.1525,39.4375,38.990002,39.0625,37.072868,95896400
541,2017-10-23,39.2225,39.422501,38.875,39.0425,37.053886,87937200
542,2017-10-24,39.072498,39.355,39.049999,39.275002,37.27454,71028800
543,2017-10-25,39.227501,39.387501,38.817501,39.102501,37.110836,84828400
544,2017-10-26,39.307499,39.4575,39.195,39.352501,37.348087,68002000
545,2017-10-27,39.822498,40.900002,39.674999,40.762501,38.686275,177816800
546,2017-10-30,40.9725,42.017502,40.93,41.68,39.557045,178803200
547,2017-10-31,41.974998,42.412498,41.735001,42.259998,40.107506,144187200
548,2017-11-01,42.467499,42.485001,41.4025,41.7225,39.597378,134551200
549,2017-11-02,41.650002,42.125,41.32,42.0275,39.886852,165573600
550,2017-11-03,43.5,43.564999,42.779999,43.125,40.928448,237594400
551,2017-11-06,43.092499,43.747501,42.93,43.5625,41.343666,140105200
552,2017-11-07,43.477501,43.8125,43.400002,43.702499,41.476536,97446000
553,2017-11-08,43.665001,44.060001,43.5825,44.060001,41.815819,97638000
554,2017-11-09,43.7775,44.025002,43.285,43.970001,41.730404,117930400
555,2017-11-10,43.7775,43.845001,43.567501,43.6675,41.592293,100582000
556,2017-11-13,43.375,43.625,43.349998,43.4925,41.425613,67928400
557,2017-11-14,43.259998,43.369999,42.794998,42.834999,40.799358,99130000
558,2017-11-15,42.4925,42.580002,42.095001,42.27,40.261215,116632400
559,2017-11-16,42.794998,42.967499,42.575001,42.775002,40.742214,94550000
560,2017-11-17,42.759998,42.8475,42.41,42.537498,40.515991,87598000
561,2017-11-20,42.572498,42.639999,42.389999,42.494999,40.475517,65049600
562,2017-11-21,42.695,43.424999,42.695,43.285,41.22797,100525200
563,2017-11-22,43.34,43.75,43.262501,43.740002,41.661343,102355600
564,2017-11-24,43.775002,43.875,43.662498,43.7425,41.663731,56106800
565,2017-11-27,43.762501,43.77,43.334999,43.522499,41.454185,82867200
566,2017-11-28,43.575001,43.717499,42.965,43.267502,41.211311,105715200
567,2017-11-29,43.157501,43.23,41.790001,42.369999,40.356461,166665600
568,2017-11-30,42.607498,43.035,42.110001,42.962502,40.920799,166108800
569,2017-12-01,42.487499,42.9175,42.125,42.762501,40.730305,159037200
570,2017-12-04,43.119999,43.154999,42.407501,42.450001,40.432663,130169600
571,2017-12-05,42.264999,42.880001,42.099998,42.41,40.394554,109400800
572,2017-12-06,41.875,42.549999,41.615002,42.252499,40.244537,114240000
573,2017-12-07,42.2575,42.610001,42.227501,42.330002,40.318356,102693200
574,2017-12-08,42.622501,42.75,42.205002,42.342499,40.330257,93420800
575,2017-12-11,42.299999,43.2225,42.197498,43.1675,41.116055,141095200
576,2017-12-12,43.037498,43.0975,42.865002,42.924999,40.885082,77636800
577,2017-12-13,43.125,43.384998,43.0,43.067501,41.020813,95273600
578,2017-12-14,43.099998,43.282501,42.912498,43.055,41.008904,81906000
579,2017-12-15,43.407501,43.5425,43.115002,43.4925,41.425613,160677200
580,2017-12-18,43.720001,44.299999,43.715,44.105,42.009007,117684400
581,2017-12-19,43.7575,43.8475,43.522499,43.634998,41.561333,109745600
582,2017-12-20,43.717499,43.855,43.3125,43.587502,41.516098,93902400
583,2017-12-21,43.5425,44.005001,43.525002,43.752499,41.673252,83799600
584,2017-12-22,43.669998,43.855,43.625,43.752499,41.673252,65397600
585,2017-12-26,42.700001,42.8675,42.419998,42.642502,40.616001,132742000
586,2017-12-27,42.525002,42.695,42.427502,42.650002,40.623158,85992800
587,2017-12-28,42.75,42.962502,42.619999,42.77,40.73745,65920800
588,2017-12-29,42.630001,42.647499,42.305,42.307499,40.296925,103999600
589,2018-01-02,42.540001,43.075001,42.314999,43.064999,41.018425,102223600
590,2018-01-03,43.1325,43.637501,42.990002,43.057499,41.011284,118071600
591,2018-01-04,43.134998,43.3675,43.02,43.2575,41.201782,89738400
592,2018-01-05,43.360001,43.842499,43.262501,43.75,41.670879,94640000
593,2018-01-08,43.587502,43.9025,43.482498,43.587502,41.516098,82271200
594,2018-01-09,43.637501,43.764999,43.352501,43.5825,41.51133,86336000
595,2018-01-10,43.290001,43.575001,43.25,43.572498,41.501804,95839600
596,2018-01-11,43.647499,43.872501,43.622501,43.82,41.737545,74670800
597,2018-01-12,44.044998,44.34,43.912498,44.272499,42.168545,101672400
598,2018-01-16,44.474998,44.8475,44.035,44.047501,41.954231,118263600
599,2018-01-17,44.037498,44.8125,43.767502,44.775002,42.647167,137547200
600,2018-01-18,44.842499,45.025002,44.5625,44.814999,42.685257,124773600
601,2018-01-19,44.6525,44.895,44.352501,44.615002,42.494774,129700400
602,2018-01-22,44.325001,44.445,44.150002,44.25,42.147121,108434400
603,2018-01-23,44.325001,44.860001,44.205002,44.259998,42.156635,130756400
604,2018-01-24,44.3125,44.325001,43.299999,43.555,41.485149,204420400
605,2018-01-25,43.627499,43.737499,42.6325,42.7775,40.744591,166116000
606,2018-01-26,43.0,43.0,42.514999,42.877499,40.83984,156572000
607,2018-01-29,42.540001,42.540001,41.767502,41.990002,39.994522,202561600
608,2018-01-30,41.3825,41.842499,41.174999,41.7425,39.758778,184192800
609,2018-01-31,41.717499,42.110001,41.625,41.857498,39.868313,129915600
610,2018-02-01,41.7925,42.154999,41.689999,41.945,39.951653,188923200
611,2018-02-02,41.5,41.700001,40.025002,40.125,38.21814,346375200
612,2018-02-05,39.775002,40.970001,39.0,39.122501,37.263283,290954000
613,2018-02-06,38.7075,40.93,38.5,40.7575,38.820583,272975200
614,2018-02-07,40.772499,40.849998,39.767502,39.884998,37.989552,206434400
615,2018-02-08,40.072498,40.25,38.7575,38.787498,36.944202,217562000
616,2018-02-09,39.267502,39.4725,37.560001,39.102501,37.396088,282690400
617,2018-02-12,39.625,40.9725,39.377499,40.677502,38.902351,243278000
618,2018-02-13,40.487499,41.1875,40.412498,41.084999,39.292065,130196800
619,2018-02-14,40.759998,41.884998,40.720001,41.842499,40.016514,162579600
620,2018-02-15,42.447498,43.272499,42.25,43.247501,41.36021,204588800
621,2018-02-16,43.09,43.705002,42.942501,43.107498,41.226299,160704400
622,2018-02-20,43.012501,43.564999,42.855,42.962502,41.087635,135722000
623,2018-02-21,43.2075,43.529999,42.752499,42.767502,40.90115,149886400
624,2018-02-22,42.950001,43.487499,42.927502,43.125,41.243057,123967600
625,2018-02-23,43.4175,43.912498,43.384998,43.875,41.960327,135249600
626,2018-02-26,44.087502,44.8475,44.052502,44.7425,42.789955,152648800
627,2018-02-27,44.775002,45.119999,44.540001,44.5975,42.651291,155712400
628,2018-02-28,44.814999,45.154999,44.512501,44.529999,42.586735,151128400
629,2018-03-01,44.634998,44.945,43.165001,43.75,41.840775,195208000
630,2018-03-02,43.200001,44.075001,43.112499,44.052502,42.130074,153816000
631,2018-03-05,43.802502,44.435001,43.630001,44.205002,42.275913,113605600
632,2018-03-06,44.477501,44.5625,44.032501,44.1675,42.240051,95154000
633,2018-03-07,43.735001,43.962502,43.567501,43.7575,41.847942,126814000
634,2018-03-08,43.869999,44.279999,43.767502,44.235001,42.3046,95096400
635,2018-03-09,44.490002,45.0,44.3475,44.994999,43.031437,128740800
636,2018-03-12,45.072498,45.5975,45.052502,45.43,43.44746,128828400
637,2018-03-13,45.647499,45.875,44.810001,44.9925,43.029049,126774000
638,2018-03-14,45.080002,45.130001,44.452499,44.610001,42.663254,117473600
639,2018-03-15,44.625,45.060001,44.517502,44.662498,42.713451,90975200
640,2018-03-16,44.662498,44.779999,44.404999,44.505001,42.562828,157618800
641,2018-03-19,44.330002,44.3675,43.415001,43.825001,41.912498,133787200
642,2018-03-20,43.810001,44.200001,43.735001,43.810001,41.898151,78597600
643,2018-03-21,43.759998,43.772499,42.814999,42.817501,40.948963,148219600
644,2018-03-22,42.5,43.169998,42.150002,42.212502,40.370369,165963200
645,2018-03-23,42.0975,42.48,41.235001,41.235001,39.43552,164115200
646,2018-03-26,42.017502,43.275002,41.610001,43.192501,41.307594,150164800
647,2018-03-27,43.419998,43.787498,41.73,42.084999,40.248428,163690400
648,2018-03-28,41.8125,42.505001,41.297501,41.619999,39.80373,166674000
649,2018-03-29,41.952499,42.9375,41.724998,41.945,40.114532,153594000
650,2018-04-02,41.66,42.235001,41.1175,41.669998,39.85154,150347200
651,2018-04-03,41.91,42.1875,41.220001,42.0975,40.26038,121112000
652,2018-04-04,41.220001,43.002499,41.192501,42.9025,41.030258,138422000
653,2018-04-05,43.145,43.557499,43.02,43.200001,41.314781,107732800
654,2018-04-06,42.7425,43.119999,42.049999,42.095001,40.257996,140021200
655,2018-04-09,42.470001,43.272499,42.462502,42.512501,40.65728,116070800
656,2018-04-10,43.25,43.5,42.8825,43.3125,41.422363,113634400
657,2018-04-11,43.057499,43.48,42.924999,43.110001,41.228699,89726400
658,2018-04-12,43.352501,43.75,43.259998,43.535,41.635155,91557200
659,2018-04-13,43.695,43.959999,43.462502,43.682499,41.776207,100497200
660,2018-04-16,43.7575,44.047501,43.7075,43.955002,42.036835,86313600
661,2018-04-17,44.122501,44.735001,44.102501,44.560001,42.615425,106421600
662,2018-04-18,44.452499,44.705002,44.220001,44.459999,42.519787,83018000
663,2018-04-19,43.439999,43.8475,43.165001,43.200001,41.314781,139235200
664,2018-04-20,42.650002,42.805,41.357498,41.43,39.622021,261964400
665,2018-04-23,41.7075,41.73,41.022499,41.310001,39.507256,146062000
666,2018-04-24,41.4175,41.5825,40.305,40.735001,38.957344,134768000
667,2018-04-25,40.654999,41.355,40.602501,40.912498,39.127098,113528400
668,2018-04-26,41.029999,41.432499,40.842499,41.055,39.263386,111852000
669,2018-04-27,41.0,41.0825,40.157501,40.580002,38.809109,142623200
670,2018-04-30,40.532501,41.814999,40.459999,41.314999,39.512035,169709600
671,2018-05-01,41.602501,42.299999,41.317501,42.275002,40.430145,214277600
672,2018-05-02,43.807499,44.4375,43.450001,44.142502,42.216141,266157600
673,2018-05-03,43.970001,44.375,43.610001,44.2225,42.292652,136272800
674,2018-05-04,44.5625,46.0625,44.5425,45.9575,43.951942,224805200
675,2018-05-07,46.294998,46.9175,46.1875,46.290001,44.269932,169805600
676,2018-05-08,46.247501,46.555,45.9175,46.512501,44.482723,113611200
677,2018-05-09,46.637501,46.849998,46.305,46.84,44.795929,92844800
678,2018-05-10,46.935001,47.592499,46.912498,47.509998,45.436695,111957200
679,2018-05-11,47.372501,47.514999,46.862499,47.147499,45.263874,104848800
680,2018-05-14,47.252499,47.3825,46.965,47.037498,45.158272,83115200
681,2018-05-15,46.695,46.767502,46.275002,46.610001,44.747856,94780800
682,2018-05-16,46.517502,47.115002,46.5,47.044998,45.16547,76732400
683,2018-05-17,47.0,47.227501,46.59,46.747501,44.87986,69176000
684,2018-05-18,46.797501,46.952499,46.532501,46.577499,44.716652,73190800
685,2018-05-21,47.0,47.317501,46.727501,46.907501,45.033474,73603200
686,2018-05-22,47.095001,47.220001,46.695,46.790001,44.920673,60962800
687,2018-05-23,46.587502,47.125,46.439999,47.09,45.208672,80233600
688,2018-05-24,47.192501,47.209999,46.552502,47.037498,45.158272,92936000
689,2018-05-25,47.057499,47.412498,46.912498,47.145,45.261478,69844000
690,2018-05-29,46.900002,47.1875,46.717499,46.974998,45.098263,90056400
691,2018-05-30,46.93,47.0,46.695,46.875,45.002258,74762000
692,2018-05-31,46.805,47.057499,46.535,46.717499,44.851059,109931200
693,2018-06-01,46.997501,47.564999,46.9375,47.560001,45.659901,93770000
694,2018-06-04,47.91,48.355,47.837502,47.9575,46.041519,105064800
695,2018-06-05,48.267502,48.485001,48.09,48.327499,46.396732,86264000
696,2018-06-06,48.407501,48.52,47.98,48.494999,46.557537,83734400
697,2018-06-07,48.535,48.549999,48.084999,48.365002,46.432732,85388800
698,2018-06-08,47.7925,48.0,47.442501,47.924999,46.010307,106627200
699,2018-06-11,47.837502,47.9925,47.552502,47.807499,45.897507,73234000
700,2018-06-12,47.8475,48.1525,47.787498,48.07,46.149521,67644400
701,2018-06-13,48.105,48.220001,47.610001,47.674999,45.770294,86553600
702,2018-06-14,47.887501,47.892502,47.555,47.700001,45.794308,86440400
703,2018-06-15,47.5075,47.540001,47.064999,47.209999,45.323879,246876800
704,2018-06-18,46.970001,47.305,46.799999,47.185001,45.299881,73939600
705,2018-06-19,46.285,46.5825,45.862499,46.422501,44.567848,134314000
706,2018-06-20,46.587502,46.799999,46.432499,46.625,44.762257,82514800
707,2018-06-21,46.8125,47.087502,46.235001,46.365002,44.512642,102847600
708,2018-06-22,46.529999,46.537498,46.174999,46.23,44.383038,108801600
709,2018-06-25,45.849998,46.23,45.182499,45.5425,43.722992,126652400
710,2018-06-26,45.747501,46.6325,45.634998,46.107498,44.265419,98276800
711,2018-06-27,46.307499,46.82,46.0075,46.040001,44.200619,101141200
712,2018-06-28,46.025002,46.552502,45.950001,46.375,44.522236,69460800
713,2018-06-29,46.572498,46.797501,45.727501,46.2775,44.428638,90950800
714,2018-07-02,45.955002,46.825001,45.855,46.794998,44.925457,70925200
715,2018-07-03,46.947498,46.987499,45.884998,45.98,44.143017,55819200
716,2018-07-05,46.314999,46.602501,46.07,46.349998,44.49823,66416800
717,2018-07-06,46.355,47.107498,46.299999,46.9925,45.11507,69940800
718,2018-07-09,47.375,47.669998,47.325001,47.645,45.741497,79026400
719,2018-07-10,47.677502,47.82,47.544998,47.587502,45.686298,63756400
720,2018-07-11,47.125,47.445,46.9025,46.970001,45.093464,75326000
721,2018-07-12,47.3825,47.852501,47.327499,47.7575,45.849514,72164400
722,2018-07-13,47.77,47.959999,47.724998,47.8325,45.921509,50055600
723,2018-07-16,47.880001,48.162498,47.605,47.727501,45.820709,60172400
724,2018-07-17,47.4375,47.967499,47.299999,47.862499,45.950314,62138000
725,2018-07-18,47.945,47.950001,47.482498,47.599998,45.698296,65573600
726,2018-07-19,47.422501,48.137501,47.422501,47.970001,46.053524,81147200
727,2018-07-20,47.945,48.107498,47.5425,47.860001,45.94791,82704800
728,2018-07-23,47.669998,47.990002,47.389999,47.9025,45.988708,63957600
729,2018-07-24,48.112499,48.415001,48.012501,48.25,46.322327,74791600
730,2018-07-25,48.264999,48.712502,48.107498,48.705002,46.759155,66839600
731,2018-07-26,48.6525,48.990002,48.4025,48.552502,46.61274,76304000
732,2018-07-27,48.747501,48.797501,47.525002,47.744999,45.837505,96096000
733,2018-07-30,47.974998,48.049999,47.267502,47.477501,45.580688,84118000
734,2018-07-31,47.575001,48.035,47.334999,47.572498,45.671898,157492000
735,2018-08-01,49.782501,50.439999,49.327499,50.375,48.362427,271742800
736,2018-08-02,50.145,52.095001,50.087502,51.8475,49.7761,249616000
737,2018-08-03,51.7575,52.185001,51.369999,51.997501,49.920105,133789600
738,2018-08-06,52.0,52.3125,51.767502,52.267502,50.179333,101701600
739,2018-08-07,52.330002,52.375,51.689999,51.7775,49.708897,102349600
740,2018-08-08,51.512501,51.952499,51.130001,51.8125,49.742508,90102000
741,2018-08-09,52.3825,52.445,51.799999,52.220001,50.133724,93970400
742,2018-08-10,51.84,52.275002,51.6675,51.8825,49.984394,98444800
743,2018-08-13,52.327499,52.737499,51.924999,52.217499,50.30714,103563600
744,2018-08-14,52.540001,52.639999,52.064999,52.4375,50.519096,82992000
745,2018-08-15,52.305,52.685001,52.0825,52.560001,50.637108,115230400
746,2018-08-16,52.9375,53.452499,52.8675,53.330002,51.378937,114001600
747,2018-08-17,53.360001,54.487499,53.290001,54.395,52.404968,141708000
748,2018-08-20,54.525002,54.794998,53.7775,53.865002,51.894367,121150800
749,2018-08-21,54.200001,54.297501,53.5075,53.759998,51.793205,104639200
750,2018-08-22,53.525002,54.09,53.459999,53.762501,51.79562,76072400
751,2018-08-23,53.662498,54.262501,53.650002,53.872501,51.901592,75532800
752,2018-08-24,54.150002,54.224998,53.7775,54.040001,52.062969,73905600
753,2018-08-27,54.287498,54.685001,54.0825,54.485001,52.49168,82100400
754,2018-08-28,54.752499,55.134998,54.73,54.924999,52.915592,91107200
755,2018-08-29,55.037498,55.872501,54.852501,55.744999,53.705597,109019200
756,2018-08-30,55.8125,57.064999,55.599998,56.2575,54.199341,195175200
757,2018-08-31,56.627499,57.217499,56.5,56.907501,54.825565,173360400
758,2018-09-04,57.102501,57.294998,56.657501,57.09,55.001389,109560400
759,2018-09-05,57.247501,57.4175,56.275002,56.717499,54.642509,133332000
760,2018-09-06,56.557499,56.837502,55.325001,55.775002,53.734489,137160000
761,2018-09-07,55.462502,56.342499,55.177502,55.325001,53.300945,150479200
762,2018-09-10,55.237499,55.462502,54.1175,54.5825,52.585621,158066000
763,2018-09-11,54.502499,56.075001,54.139999,55.962502,53.915138,142996000
764,2018-09-12,56.235001,56.25,54.959999,55.267502,53.245556,197114800
765,2018-09-13,55.880001,57.087502,55.642502,56.602501,54.531715,166825600
766,2018-09-14,56.4375,56.709999,55.630001,55.959999,53.912724,127997200
767,2018-09-17,55.537498,55.737499,54.317501,54.470001,52.477245,148780400
768,2018-09-18,54.447498,55.462502,54.279999,54.560001,52.563934,126286800
769,2018-09-19,54.625,54.904999,53.825001,54.592499,52.595253,108495200
770,2018-09-20,55.060001,55.57,54.787498,55.0075,52.995068,106435200
771,2018-09-21,55.195,55.34,54.322498,54.415001,52.424248,384986800
772,2018-09-24,54.205002,55.314999,54.157501,55.197498,53.17812,110773600
773,2018-09-25,54.9375,55.705002,54.924999,55.547501,53.515316,98217600
774,2018-09-26,55.25,55.9375,54.939999,55.105,53.089001,95938800
775,2018-09-27,55.955002,56.610001,55.884998,56.237499,54.180061,120724800
776,2018-09-28,56.197498,56.459999,56.005001,56.435001,54.370346,91717600
777,2018-10-01,56.987499,57.355,56.587502,56.814999,54.736435,94403200
778,2018-10-02,56.8125,57.5,56.657501,57.32,55.222969,99152800
779,2018-10-03,57.512501,58.3675,57.445,58.017502,55.894955,114619200
780,2018-10-04,57.695,58.087502,56.682499,56.997501,54.912262,128168000
781,2018-10-05,56.990002,57.102501,55.145,56.072498,54.021107,134322000
782,2018-10-08,55.552502,56.200001,55.049999,55.942501,53.895863,118655600
783,2018-10-09,55.91,56.817501,55.5625,56.717499,54.642509,107564000
784,2018-10-10,56.365002,56.587502,54.012501,54.09,52.111137,167962400
785,2018-10-11,53.630001,54.875,53.080002,53.612499,51.651104,212497600
786,2018-10-12,55.105,55.720001,54.209999,55.5275,53.496052,161351600
787,2018-10-15,55.290001,55.4575,54.317501,54.34,52.35199,123164000
788,2018-10-16,54.732498,55.747501,54.189999,55.537498,53.505676,116736000
789,2018-10-17,55.575001,55.66,54.834999,55.297501,53.27446,91541600
790,2018-10-18,54.465,54.935001,53.25,54.005001,52.029243,130325200
791,2018-10-19,54.514999,55.314999,54.357498,54.827499,52.821644,132314800
792,2018-10-22,54.947498,55.84,54.735001,55.162498,53.144394,115168400
793,2018-10-23,53.9575,55.8125,53.674999,55.682499,53.645363,155071200
794,2018-10-24,55.650002,56.057499,53.634998,53.772499,51.805244,163702000
795,2018-10-25,54.427502,55.345001,54.1875,54.950001,52.939671,119423200
796,2018-10-26,53.974998,55.047501,53.1675,54.075001,52.09668,189033600
797,2018-10-29,54.797501,54.922501,51.522499,53.060001,51.11882,183742000
798,2018-10-30,52.787498,53.794998,52.317501,53.325001,51.374119,146640000
799,2018-10-31,54.220001,55.112499,54.154999,54.715,52.713276,153435600
800,2018-11-01,54.762501,55.59,54.202499,55.555,53.522541,233292800
801,2018-11-02,52.387501,53.412498,51.357498,51.869999,49.972351,365314800
802,2018-11-05,51.075001,51.0975,49.5425,50.397499,48.553722,264654800
803,2018-11-06,50.48,51.18,50.422501,50.942501,49.078781,127531600
804,2018-11-07,51.4925,52.514999,51.032501,52.487499,50.567265,133697600
805,2018-11-08,52.494999,52.529999,51.6875,52.122501,50.390827,101450400
806,2018-11-09,51.387501,51.502499,50.5625,51.1175,49.419209,137463200
807,2018-11-12,49.75,49.962502,48.447498,48.5425,46.929771,204542000
808,2018-11-13,47.907501,49.294998,47.862499,48.057499,46.460873,187531600
809,2018-11-14,48.474998,48.619999,46.482498,46.700001,45.148483,243204000
810,2018-11-15,47.0975,47.9925,46.724998,47.852501,46.262688,185915200
811,2018-11-16,47.625,48.7425,47.365002,48.3825,46.775078,147713200
812,2018-11-19,47.5,47.674999,46.247501,46.465,44.921284,167701200
813,2018-11-20,44.592499,45.3675,43.877499,44.244999,42.775036,271300800
814,2018-11-21,44.932499,45.067501,44.137501,44.195,42.726696,124496800
815,2018-11-23,43.735001,44.150002,43.025002,43.072498,41.641499,94496000
816,2018-11-26,43.560001,43.737499,42.564999,43.654999,42.204643,179994000
817,2018-11-27,42.877499,43.692501,42.720001,43.560001,42.112808,165549600
818,2018-11-28,44.182499,45.322498,43.732498,45.235001,43.732151,184250000
819,2018-11-29,45.665001,45.700001,44.424999,44.887501,43.396194,167080000
820,2018-11-30,45.072498,45.0825,44.2575,44.645,43.161758,158126000
821,2018-12-03,46.115002,46.235001,45.302502,46.205002,44.669922,163210000
822,2018-12-04,45.237499,45.5975,44.067501,44.172501,42.704952,165377200
823,2018-12-06,42.939999,43.695,42.605,43.68,42.228813,172393600
824,2018-12-07,43.372501,43.622501,42.075001,42.122501,40.723068,169126400
825,2018-12-10,41.25,42.522499,40.8325,42.400002,40.991337,248104000
826,2018-12-11,42.915001,42.947498,41.75,42.157501,40.756897,189126800
827,2018-12-12,42.599998,42.98,42.255001,42.275002,40.870495,142510800
828,2018-12-13,42.622501,43.142502,42.387501,42.737499,41.317619,127594400
829,2018-12-14,42.25,42.27,41.32,41.369999,39.995552,162814800
830,2018-12-17,41.362499,42.087502,40.682499,40.985001,39.623344,177151600
831,2018-12-18,41.345001,41.8825,41.0975,41.517502,40.138157,135366000
832,2018-12-19,41.5,41.862499,39.772499,40.2225,38.886177,196189200
833,2018-12-20,40.099998,40.5275,38.825001,39.2075,37.904907,259092000
834,2018-12-21,39.215,39.540001,37.407501,37.682499,36.430569,382978400
835,2018-12-24,37.037498,37.887501,36.647499,36.7075,35.487965,148676800
836,2018-12-26,37.075001,39.307499,36.68,39.2925,37.987072,234330000
837,2018-12-27,38.959999,39.192501,37.517502,39.037498,37.740547,212468400
838,2018-12-28,39.375,39.630001,38.637501,39.057499,37.759888,169165600
839,2018-12-31,39.6325,39.84,39.119999,39.435001,38.124851,140014000
840,2019-01-02,38.7225,39.712502,38.557499,39.48,38.168343,148158800
841,2019-01-03,35.994999,36.43,35.5,35.547501,34.366497,365248800
842,2019-01-04,36.1325,37.137501,35.950001,37.064999,35.833584,234428400
843,2019-01-07,37.174999,37.2075,36.474998,36.982498,35.753822,219111200
844,2019-01-08,37.389999,37.955002,37.130001,37.6875,36.435398,164101200
845,2019-01-09,37.822498,38.6325,37.407501,38.327499,37.054138,180396400
846,2019-01-10,38.125,38.4925,37.715,38.450001,37.172565,143122800
847,2019-01-11,38.220001,38.424999,37.877499,38.072498,36.807606,108092800
848,2019-01-14,37.712502,37.817501,37.305,37.5,36.254131,129756800
849,2019-01-15,37.567501,38.3475,37.512501,38.267502,36.996136,114843600
850,2019-01-16,38.27,38.970001,38.25,38.735001,37.448097,122278800
851,2019-01-17,38.549999,39.415001,38.314999,38.965,37.67046,119284800
852,2019-01-18,39.375,39.470001,38.994999,39.205002,37.902493,135004000
853,2019-01-22,39.102501,39.182499,38.154999,38.325001,37.051735,121576000
854,2019-01-23,38.537498,38.785,37.924999,38.48,37.201572,92522400
855,2019-01-24,38.5275,38.619999,37.935001,38.174999,36.906712,101766000
856,2019-01-25,38.869999,39.532501,38.580002,39.439999,38.129681,134142000
857,2019-01-28,38.947498,39.0825,38.415001,39.075001,37.776806,104768400
858,2019-01-29,39.0625,39.532501,38.5275,38.669998,37.38525,166348800
859,2019-01-30,40.8125,41.537498,40.057499,41.3125,39.939968,244439200
860,2019-01-31,41.5275,42.25,41.139999,41.610001,40.227581,162958400
861,2019-02-01,41.740002,42.244999,41.482498,41.630001,40.246918,130672400
862,2019-02-04,41.852501,42.915001,41.82,42.8125,41.390133,125982000
863,2019-02-05,43.215,43.77,43.087502,43.544998,42.098297,144406400
864,2019-02-06,43.662498,43.892502,43.212502,43.560001,42.112808,112958400
865,2019-02-07,43.099998,43.485001,42.584999,42.735001,41.315212,126966800
866,2019-02-08,42.247501,42.665001,42.105,42.602501,41.363754,95280000
867,2019-02-11,42.762501,42.802502,42.3125,42.357498,41.125874,83973600
868,2019-02-12,42.525002,42.75,42.424999,42.7225,41.480267,89134000
869,2019-02-13,42.8475,43.119999,42.48,42.544998,41.307926,89960800
870,2019-02-14,42.427502,42.814999,42.345001,42.700001,41.458424,87342800
871,2019-02-15,42.8125,42.924999,42.4375,42.605,41.366184,98507200
872,2019-02-19,42.427502,42.860001,42.372501,42.732498,41.489967,75891200
873,2019-02-20,42.797501,43.330002,42.747501,43.0075,41.756981,104457600
874,2019-02-21,42.950001,43.092499,42.575001,42.764999,41.52153,68998800
875,2019-02-22,42.895,43.25,42.845001,43.2425,41.985142,75652800
876,2019-02-25,43.540001,43.967499,43.487499,43.557499,42.290985,87493600
877,2019-02-26,43.427502,43.825001,43.2925,43.5825,42.31525,68280800
878,2019-02-27,43.302502,43.75,43.182499,43.717499,42.446335,111341600
879,2019-02-28,43.580002,43.727501,43.23,43.287498,42.028835,112861600
880,2019-03-01,43.57,43.787498,43.2225,43.7425,42.4706,103544800
881,2019-03-04,43.922501,44.4375,43.4925,43.962502,42.684212,109744800
882,2019-03-05,43.985001,44.0,43.634998,43.8825,42.606537,78949600
883,2019-03-06,43.6675,43.872501,43.485001,43.630001,42.361378,83241600
884,2019-03-07,43.467499,43.610001,43.005001,43.125,41.871067,99185600
885,2019-03-08,42.580002,43.267502,42.375,43.227501,41.970592,95997600
886,2019-03-11,43.872501,44.779999,43.837502,44.724998,43.424538,128044000
887,2019-03-12,45.0,45.6675,44.842499,45.227501,43.91243,129870400
888,2019-03-13,45.5625,45.825001,45.23,45.427502,44.106617,124130000
889,2019-03-14,45.974998,46.025002,45.639999,45.932499,44.596924,94318000
890,2019-03-15,46.212502,46.8325,45.935001,46.529999,45.177052,156171600
891,2019-03-18,46.450001,47.0975,46.447498,47.005001,45.638248,104879200
892,2019-03-19,47.087502,47.247501,46.48,46.6325,45.276573,126585600
893,2019-03-20,46.557499,47.372501,46.182499,47.040001,45.672222,124140800
894,2019-03-21,47.505001,49.0825,47.452499,48.772499,47.354351,204136800
895,2019-03-22,48.834999,49.422501,47.695,47.762501,46.373718,169630800
896,2019-03-25,47.877499,47.994999,46.650002,47.185001,45.813011,175381200
897,2019-03-26,47.915001,48.220001,46.145,46.697498,45.339684,199202000
898,2019-03-27,47.1875,47.439999,46.637501,47.1175,45.747471,119393600
899,2019-03-28,47.237499,47.389999,46.8825,47.18,45.808151,83121600
900,2019-03-29,47.4575,47.52,47.134998,47.487499,46.106709,94256000
901,2019-04-01,47.91,47.919998,47.095001,47.810001,46.419834,111448000
902,2019-04-02,47.772499,48.615002,47.762501,48.505001,47.094627,91062800
903,2019-04-03,48.3125,49.125,48.287498,48.837502,47.417461,93087200
904,2019-04-04,48.697498,49.092499,48.285,48.922501,47.499992,76457200
905,2019-04-05,49.112499,49.275002,48.982498,49.25,47.817963,74106400
906,2019-04-08,49.105,50.057499,49.084999,50.025002,48.570438,103526800
907,2019-04-09,50.080002,50.712502,49.807499,49.875,48.424789,143072800
908,2019-04-10,49.669998,50.185001,49.544998,50.154999,48.696651,86781200
909,2019-04-11,50.212502,50.25,49.610001,49.737499,48.29129,83603200
910,2019-04-12,49.799999,50.035,49.052502,49.717499,48.271873,111042800
911,2019-04-15,49.645,49.962502,49.502499,49.807499,48.359249,70146400
912,2019-04-16,49.865002,50.342499,49.639999,49.8125,48.364113,102785600
913,2019-04-17,49.884998,50.845001,49.6525,50.782501,49.305908,115627200
914,2019-04-18,50.779999,51.037498,50.630001,50.965,49.483105,96783200
915,2019-04-22,50.7075,51.235001,50.584999,51.1325,49.645725,77758000
916,2019-04-23,51.107498,51.9375,50.974998,51.869999,50.361786,93292000
917,2019-04-24,51.84,52.119999,51.762501,51.790001,50.284115,70162400
918,2019-04-25,51.7075,51.939999,51.279999,51.32,49.82777,74172800
919,2019-04-26,51.224998,51.25,50.529999,51.075001,49.589905,74596400
920,2019-04-29,51.099998,51.4925,50.965,51.1525,49.665146,88818800
921,2019-04-30,50.764999,50.849998,49.7775,50.1675,48.70879,186139600
922,2019-05-01,52.470001,53.827499,52.307499,52.630001,51.099689,259309200
923,2019-05-02,52.459999,53.162498,52.032501,52.287498,50.767147,127985200
924,2019-05-03,52.7225,52.959999,52.557499,52.9375,51.398235,83569600
925,2019-05-06,51.072498,52.209999,50.875,52.119999,50.604515,129772400
926,2019-05-07,51.470001,51.855,50.2075,50.715,49.240368,155054800
927,2019-05-08,50.474998,51.334999,50.4375,50.724998,49.250072,105358000
928,2019-05-09,50.099998,50.419998,49.165001,50.18,48.720921,139634400
929,2019-05-10,49.355,49.712502,48.192501,49.294998,48.045959,164834800
930,2019-05-13,46.927502,47.369999,45.712502,46.43,45.253559,229722400
931,2019-05-14,46.602501,47.424999,46.352501,47.165001,45.96994,146118800
932,2019-05-15,46.567501,47.9375,46.505001,47.73,46.520626,106178800
933,2019-05-16,47.477501,48.1175,47.209999,47.52,46.315948,132125600
934,2019-05-17,46.732498,47.724998,46.689999,47.25,46.052788,131516400
935,2019-05-20,45.880001,46.087502,45.07,45.772499,44.612724,154449200
936,2019-05-21,46.305,47.0,46.174999,46.650002,45.467995,113459200
937,2019-05-22,46.165001,46.427502,45.637501,45.695,44.537193,118994400
938,2019-05-23,44.950001,45.134998,44.452499,44.915001,43.776943,146118800
939,2019-05-24,45.049999,45.535,44.654999,44.7425,43.608818,94858800
940,2019-05-28,44.73,45.147499,44.477501,44.557499,43.428505,111792800
941,2019-05-29,44.105,44.837502,44.0,44.345001,43.22139,113924800
942,2019-05-30,44.487499,44.807499,44.1675,44.575001,43.445568,84873600
943,2019-05-31,44.057499,44.497501,43.747501,43.767502,42.658524,108174400
944,2019-06-03,43.900002,44.48,42.567501,43.325001,42.227238,161584400
945,2019-06-04,43.860001,44.9575,43.630001,44.91,43.772076,123872000
946,2019-06-05,46.07,46.247501,45.285,45.634998,44.47871,119093600
947,2019-06-06,45.77,46.3675,45.537498,46.305,45.131733,90105200
948,2019-06-07,46.627499,47.98,46.442501,47.537498,46.333,122737600
949,2019-06-10,47.952499,48.842499,47.904999,48.145,46.92511,104883600
950,2019-06-11,48.715,49.0,48.400002,48.702499,47.468483,107731600
951,2019-06-12,48.487499,48.9925,48.3475,48.547501,47.31741,73012800
952,2019-06-13,48.674999,49.197498,48.400002,48.537498,47.307663,86698400
953,2019-06-14,47.887501,48.397499,47.575001,48.185001,46.964092,75046000
954,2019-06-17,48.224998,48.740002,48.0425,48.4725,47.244308,58676400
955,2019-06-18,49.012501,50.072498,48.802502,49.612499,48.355427,106204000
956,2019-06-19,49.919998,49.970001,49.327499,49.467499,48.214096,84496800
957,2019-06-20,50.092499,50.1525,49.5075,49.865002,48.601528,86056000
958,2019-06-21,49.700001,50.212502,49.537498,49.695,48.435829,191202400
959,2019-06-24,49.634998,50.040001,49.5425,49.645,48.387108,72881600
960,2019-06-25,49.607498,49.814999,48.822498,48.892502,47.653675,84281200
961,2019-06-26,49.442501,50.247501,49.337502,49.950001,48.684383,104270000
962,2019-06-27,50.072498,50.392502,49.892502,49.935001,48.669758,83598800
963,2019-06-28,49.669998,49.875,49.262501,49.48,48.226288,124442400
964,2019-07-01,50.7925,51.122501,50.162498,50.387501,49.110783,109012000
965,2019-07-02,50.352501,50.782501,50.34,50.682499,49.398312,67740800
966,2019-07-03,50.82,51.110001,50.672501,51.102501,49.807674,45448000
967,2019-07-05,50.837502,51.27,50.724998,51.057499,49.763809,69062000
968,2019-07-08,50.202499,50.349998,49.602501,50.005001,48.737984,101354400
969,2019-07-09,49.799999,50.377499,49.702499,50.310001,49.035252,82312000
970,2019-07-10,50.462502,50.932499,50.389999,50.807499,49.520142,71588400
971,2019-07-11,50.827499,51.0975,50.427502,50.4375,49.159515,80767200
972,2019-07-12,50.612499,51.0,50.549999,50.825001,49.537205,70380800
973,2019-07-15,51.022499,51.467499,51.0,51.302502,50.002605,67789600
974,2019-07-16,51.147499,51.5275,50.875,51.125,49.829605,67467200
975,2019-07-17,51.012501,51.272499,50.817501,50.837502,49.549389,56430000
976,2019-07-18,51.0,51.470001,50.924999,51.415001,50.112251,74162400
977,2019-07-19,51.447498,51.625,50.59,50.647499,49.364204,83717200
978,2019-07-22,50.912498,51.807499,50.9025,51.805,50.492382,89111600
979,2019-07-23,52.115002,52.227501,51.822498,52.209999,50.887112,73420800
980,2019-07-24,51.9175,52.287498,51.7925,52.1675,50.845692,59966400
981,2019-07-25,52.2225,52.310001,51.682499,51.755001,50.443642,55638400
982,2019-07-26,51.869999,52.432499,51.785,51.935001,50.61908,70475600
983,2019-07-29,52.115002,52.66,52.110001,52.419998,51.091793,86693600
984,2019-07-30,52.189999,52.540001,51.827499,52.195,50.87249,135742800
985,2019-07-31,54.105,55.342499,52.825001,53.259998,51.910511,277125600
986,2019-08-01,53.474998,54.5075,51.685001,52.107498,50.787205,216071600
987,2019-08-02,51.3825,51.607498,50.407501,51.005001,49.712639,163448400
988,2019-08-05,49.497501,49.662498,48.145,48.334999,47.110302,209572000
989,2019-08-06,49.077499,49.517502,48.509998,49.25,48.00211,143299200
990,2019-08-07,48.852501,49.889999,48.455002,49.759998,48.499191,133457600
991,2019-08-08,50.049999,50.8825,49.8475,50.857498,49.568882,108038000
992,2019-08-09,50.325001,50.689999,49.822498,50.247501,49.160412,98478800
993,2019-08-12,49.904999,50.512501,49.787498,50.119999,49.035671,89927600
994,2019-08-13,50.255001,53.035,50.119999,52.2425,51.112255,188874000
995,2019-08-14,50.790001,51.610001,50.647499,50.6875,49.590893,146189600
996,2019-08-15,50.865002,51.285,49.9175,50.435001,49.343857,108909600
997,2019-08-16,51.07,51.790001,50.959999,51.625,50.508114,110481600
998,2019-08-19,52.654999,53.182499,52.5075,52.587502,51.449791,97654400
999,2019-08-20,52.720001,53.337502,52.580002,52.59,51.452236,107537200
1000,2019-08-21,53.247501,53.412498,52.900002,53.16,52.009907,86141600
1001,2019-08-22,53.297501,53.610001,52.6875,53.115002,51.965881,89014800
1002,2019-08-23,52.357498,53.012501,50.25,50.66,49.563988,187272000
1003,2019-08-26,51.465,51.797501,51.264999,51.622501,50.505665,104174400
1004,2019-08-27,51.965,52.137501,50.8825,51.040001,49.935764,103493200
1005,2019-08-28,51.025002,51.43,50.830002,51.3825,50.270851,63755200
1006,2019-08-29,52.125,52.330002,51.665001,52.252499,51.122028,83962000
1007,2019-08-30,52.540001,52.612499,51.799999,52.185001,51.055996,84573600
1008,2019-09-03,51.607498,51.744999,51.055,51.424999,50.312435,80092000
1009,2019-09-04,52.0975,52.369999,51.830002,52.297501,51.166065,76752400
1010,2019-09-05,53.0,53.4925,52.877499,53.32,52.166439,95654800
1011,2019-09-06,53.512501,53.605,53.127499,53.314999,52.161549,77449200
1012,2019-09-09,53.709999,54.110001,52.767502,53.5425,52.384129,109237600
1013,2019-09-10,53.465,54.195,52.927502,54.174999,53.002941,127111600
1014,2019-09-11,54.517502,55.927502,54.432499,55.897499,54.688175,177158400
1015,2019-09-12,56.200001,56.605,55.715,55.772499,54.565884,128906800
1016,2019-09-13,55.0,55.197498,54.255001,54.6875,53.50436,159053200
1017,2019-09-16,54.432499,55.032501,54.389999,54.974998,53.785633,84632400
1018,2019-09-17,54.990002,55.205002,54.779999,55.174999,53.981312,73274800
1019,2019-09-18,55.264999,55.712502,54.860001,55.692501,54.487614,101360000
1020,2019-09-19,55.502499,55.939999,55.092499,55.240002,54.04491,88242400
1021,2019-09-20,55.345001,55.639999,54.3675,54.432499,53.254871,221652400
1022,2019-09-23,54.737499,54.959999,54.412498,54.68,53.497021,76662000
1023,2019-09-24,55.2575,55.622501,54.297501,54.419998,53.242641,124763200
1024,2019-09-25,54.637501,55.375,54.285,55.2575,54.062023,87613600
1025,2019-09-26,55.0,55.235001,54.7075,54.9725,53.783188,75334000
1026,2019-09-27,55.134998,55.240002,54.32,54.705002,53.521481,101408000
1027,2019-09-30,55.224998,56.145,55.197498,55.9925,54.78112,103909600
1028,2019-10-01,56.267502,57.055,56.049999,56.147499,54.93277,139223200
1029,2019-10-02,55.764999,55.895,54.482498,54.740002,53.555717,138449200
1030,2019-10-03,54.607498,55.240002,53.782501,55.205002,54.010658,114426000
1031,2019-10-04,56.41,56.872501,55.9725,56.752499,55.524681,138478800
1032,2019-10-07,56.567501,57.482498,56.459999,56.764999,55.536911,122306000
1033,2019-10-08,56.455002,57.014999,56.0825,56.099998,54.886299,111820000
1034,2019-10-09,56.7575,56.947498,56.41,56.7575,55.529568,74770400
1035,2019-10-10,56.982498,57.610001,56.825001,57.522499,56.278019,113013600
1036,2019-10-11,58.237499,59.41,58.077499,59.052502,57.774918,166795600
1037,2019-10-14,58.724998,59.532501,58.6675,58.967499,57.691761,96427600
1038,2019-10-15,59.0975,59.412498,58.720001,58.830002,57.55724,87360000
1039,2019-10-16,58.342499,58.810001,58.299999,58.592499,57.324875,73903200
1040,2019-10-17,58.772499,59.037498,58.380001,58.82,57.547455,67585200
1041,2019-10-18,58.647499,59.395,58.572498,59.102501,57.823845,97433600
1042,2019-10-21,59.380001,60.247501,59.330002,60.127499,58.826656,87247200
1043,2019-10-22,60.290001,60.549999,59.904999,59.990002,58.692135,82293600
1044,2019-10-23,60.525002,60.810001,60.305,60.794998,59.479725,75828800
1045,2019-10-24,61.127499,61.200001,60.452499,60.895,59.577557,69275200
1046,2019-10-25,60.790001,61.682499,60.720001,61.645,60.311337,73477200
1047,2019-10-28,61.855,62.3125,61.68,62.262501,60.915478,96572800
1048,2019-10-29,62.2425,62.4375,60.642502,60.822498,59.506622,142839600
1049,2019-10-30,61.189999,61.325001,60.302502,60.814999,59.49929,124522000
1050,2019-10-31,61.810001,62.2925,59.314999,62.189999,60.844532,139162000
1051,2019-11-01,62.384998,63.982498,62.290001,63.955002,62.571362,151125200
1052,2019-11-04,64.332497,64.462502,63.845001,64.375,62.982269,103272000
1053,2019-11-05,64.262497,64.547501,64.080002,64.282501,62.891773,79897600
1054,2019-11-06,64.192497,64.372498,63.842499,64.309998,62.918667,75864400
1055,2019-11-07,64.684998,65.087502,64.527496,64.857498,63.644833,94940400
1056,2019-11-08,64.672501,65.110001,64.212502,65.035004,63.819008,69986400
1057,2019-11-11,64.574997,65.6175,64.57,65.550003,64.324394,81821200
1058,2019-11-12,65.387497,65.697502,65.230003,65.489998,64.265503,87388800
1059,2019-11-13,65.282501,66.195,65.267502,66.1175,64.881287,102734400
1060,2019-11-14,65.9375,66.220001,65.525002,65.660004,64.432327,89182800
1061,2019-11-15,65.919998,66.445,65.752502,66.440002,65.197754,100206400
1062,2019-11-18,66.449997,66.857498,66.057503,66.775002,65.526489,86703200
1063,2019-11-19,66.974998,67.0,66.347504,66.572502,65.327774,76167200
1064,2019-11-20,66.385002,66.519997,65.099998,65.797501,64.567284,106234400
1065,2019-11-21,65.922501,66.002502,65.294998,65.502502,64.277779,121395200
1066,2019-11-22,65.647499,65.794998,65.209999,65.445,64.221344,65325200
1067,2019-11-25,65.677498,66.610001,65.629997,66.592499,65.347397,84020400
1068,2019-11-26,66.735001,66.790001,65.625,66.072502,64.83712,105207600
1069,2019-11-27,66.394997,66.995003,66.327499,66.959999,65.708023,65235600
1070,2019-11-29,66.650002,67.0,66.474998,66.8125,65.563293,46617600
1071,2019-12-02,66.817497,67.0625,65.862503,66.040001,64.805229,94487200
1072,2019-12-03,64.577499,64.8825,64.072502,64.862503,63.649746,114430400
1073,2019-12-04,65.267502,65.827499,65.169998,65.434998,64.211533,67181600
1074,2019-12-05,65.947502,66.472504,65.682503,66.394997,65.15358,74424400
1075,2019-12-06,66.870003,67.75,66.824997,67.677498,66.412109,106075600
1076,2019-12-09,67.5,67.699997,66.227501,66.730003,65.48233,128042400
1077,2019-12-10,67.150002,67.517502,66.464996,67.120003,65.865036,90420400
1078,2019-12-11,67.202499,67.775002,67.125,67.692497,66.426834,78756800
1079,2019-12-12,66.945,68.139999,66.830002,67.864998,66.596115,137310400
1080,2019-12-13,67.864998,68.824997,67.732498,68.787498,67.501358,133587600
1081,2019-12-16,69.25,70.197502,69.245003,69.964996,68.656837,128186000
1082,2019-12-17,69.892502,70.442497,69.699997,70.102501,68.791779,114158400
1083,2019-12-18,69.949997,70.474998,69.779999,69.934998,68.627396,116028400
1084,2019-12-19,69.875,70.294998,69.737503,70.004997,68.696083,98369200
1085,2019-12-20,70.557503,70.662498,69.639999,69.860001,68.553802,275978000
1086,2019-12-23,70.1325,71.0625,70.092499,71.0,69.672493,98572000
1087,2019-12-24,71.172501,71.222504,70.730003,71.067497,69.738731,48478800
1088,2019-12-26,71.205002,72.495003,71.175003,72.477501,71.12236,93121200
1089,2019-12-27,72.779999,73.4925,72.029999,72.449997,71.095367,146266000
1090,2019-12-30,72.364998,73.172501,71.305,72.879997,71.517326,144114400
1091,2019-12-31,72.482498,73.419998,72.379997,73.412498,72.039886,100805600
1092,2020-01-02,74.059998,75.150002,73.797501,75.087502,73.683571,135480400
1093,2020-01-03,74.287498,75.144997,74.125,74.357498,72.967224,146322800
1094,2020-01-06,73.447502,74.989998,73.1875,74.949997,73.548622,118387200
1095,2020-01-07,74.959999,75.224998,74.370003,74.597504,73.202736,108872000
1096,2020-01-08,74.290001,76.110001,74.290001,75.797501,74.380295,132079200
1097,2020-01-09,76.809998,77.607498,76.550003,77.407501,75.960182,170108400
1098,2020-01-10,77.650002,78.167503,77.0625,77.582497,76.131905,140644800
1099,2020-01-13,77.910004,79.267502,77.787498,79.239998,77.758415,121532000
1100,2020-01-14,79.175003,79.392502,78.042503,78.169998,76.708427,161954400
1101,2020-01-15,77.962502,78.875,77.387497,77.834999,76.379692,121923600
1102,2020-01-16,78.397499,78.925003,78.022499,78.809998,77.336464,108829200
1103,2020-01-17,79.067497,79.684998,78.75,79.682503,78.19265,137816400
1104,2020-01-21,79.297501,79.754997,79.0,79.142502,77.662735,110843200
1105,2020-01-22,79.644997,79.997498,79.327499,79.425003,77.939964,101832400
1106,2020-01-23,79.480003,79.889999,78.912498,79.807503,78.315315,104472000
1107,2020-01-24,80.0625,80.832497,79.379997,79.577499,78.089607,146537600
1108,2020-01-27,77.514999,77.942497,76.220001,77.237503,75.793365,161940000
1109,2020-01-28,78.150002,79.599998,78.047501,79.422501,77.937508,162234000
1110,2020-01-29,81.112503,81.962502,80.345001,81.084999,79.568916,216229200
1111,2020-01-30,80.135002,81.022499,79.6875,80.967499,79.453629,126743200
1112,2020-01-31,80.232498,80.669998,77.072502,77.377502,75.930756,199588400
1113,2020-02-03,76.074997,78.372498,75.555,77.165001,75.722229,173788400
1114,2020-02-04,78.827499,79.910004,78.407501,79.712502,78.222092,136616400
1115,2020-02-05,80.879997,81.190002,79.737503,80.362503,78.859955,118826800
1116,2020-02-06,80.642502,81.305,80.065002,81.302498,79.782364,105425600
1117,2020-02-07,80.592499,80.849998,79.5,80.0075,78.697906,117684000
1118,2020-02-10,78.544998,80.387497,78.462502,80.387497,79.071678,109348800
1119,2020-02-11,80.900002,80.974998,79.677498,79.902496,78.594627,94323200
1120,2020-02-12,80.3675,81.805,80.3675,81.800003,80.46106,113730400
1121,2020-02-13,81.047501,81.555,80.837502,81.217499,79.8881,94747600
1122,2020-02-14,81.184998,81.495003,80.712502,81.237503,79.907776,80113600
1123,2020-02-18,78.839996,79.9375,78.652496,79.75,78.444626,152531200
1124,2020-02-19,80.0,81.142502,80.0,80.904999,79.580719,93984000
1125,2020-02-20,80.657501,81.162498,79.552498,80.074997,78.76429,100566000
1126,2020-02-21,79.654999,80.112503,77.625,78.262497,76.981453,129554000
1127,2020-02-24,74.315002,76.044998,72.307503,74.544998,73.324821,222195200
1128,2020-02-25,75.237503,75.6325,71.532501,72.019997,70.841133,230673600
1129,2020-02-26,71.6325,74.470001,71.625,73.162498,71.964951,198054800
1130,2020-02-27,70.275002,71.5,68.239998,68.379997,67.260712,320605600
1131,2020-02-28,64.315002,69.602501,64.092499,68.339996,67.22139,426510000
1132,2020-03-02,70.57,75.360001,69.43,74.702499,73.479736,341397200
1133,2020-03-03,75.917503,76.0,71.449997,72.330002,71.146072,319475600
1134,2020-03-04,74.110001,75.849998,73.282501,75.684998,74.446152,219178400
1135,2020-03-05,73.879997,74.887497,72.852501,73.230003,72.031349,187572800
1136,2020-03-06,70.5,72.705002,70.307503,72.2575,71.074753,226176800
1137,2020-03-09,65.9375,69.522499,65.75,66.542503,65.4533,286744800
1138,2020-03-10,69.285004,71.610001,67.342499,71.334999,70.167358,285290000
1139,2020-03-11,69.347504,70.305,67.964996,68.857498,67.730408,255598800
1140,2020-03-12,63.985001,67.5,62.0,62.057499,61.041714,418474000
1141,2020-03-13,66.222504,69.980003,63.237499,69.4925,68.355019,370732000
1142,2020-03-16,60.487499,64.769997,60.0,60.552502,59.561348,322423600
1143,2020-03-17,61.877499,64.402496,59.599998,63.215,62.180267,324056000
1144,2020-03-18,59.942501,62.5,59.279999,61.6675,60.658104,300233600
1145,2020-03-19,61.8475,63.209999,60.6525,61.195,60.193333,271857200
1146,2020-03-20,61.794998,62.9575,57.0,57.310001,56.371925,401693200
1147,2020-03-23,57.02,57.125,53.1525,56.092499,55.174351,336752800
1148,2020-03-24,59.09,61.922501,58.575001,61.720001,60.70974,287531200
1149,2020-03-25,62.6875,64.5625,61.075001,61.380001,60.375309,303602000
1150,2020-03-26,61.630001,64.669998,61.59,64.610001,63.552437,252087200
1151,2020-03-27,63.1875,63.967499,61.762501,61.935001,60.921227,204216800
1152,2020-03-30,62.685001,63.880001,62.349998,63.702499,62.659794,167976400
1153,2020-03-31,63.900002,65.622498,63.0,63.572498,62.531918,197002000
1154,2020-04-01,61.625,62.18,59.782501,60.227501,59.241669,176218400
1155,2020-04-02,60.084999,61.287498,59.224998,61.232498,60.230221,165934000
1156,2020-04-03,60.700001,61.424999,59.7425,60.352501,59.364628,129880000
1157,2020-04-06,62.724998,65.777496,62.345001,65.6175,64.543442,201820400
1158,2020-04-07,67.699997,67.925003,64.75,64.857498,63.795876,202887200
1159,2020-04-08,65.684998,66.842499,65.307503,66.517502,65.428711,168895200
1160,2020-04-09,67.175003,67.517502,66.175003,66.997498,65.900841,161834800
1161,2020-04-13,67.077499,68.425003,66.457497,68.3125,67.194328,131022800
1162,2020-04-14,70.0,72.0625,69.512497,71.762497,70.58786,194994800
1163,2020-04-15,70.599998,71.582497,70.157501,71.107498,69.943573,131154400
1164,2020-04-16,71.845001,72.050003,70.587502,71.672501,70.499336,157125200
1165,2020-04-17,71.172501,71.737503,69.214996,70.699997,69.542747,215250000
1166,2020-04-20,69.487503,70.419998,69.212502,69.232498,68.099289,130015200
1167,2020-04-21,69.07,69.3125,66.357498,67.092499,65.994301,180991600
1168,2020-04-22,68.402496,69.474998,68.050003,69.025002,67.895164,116862400
1169,2020-04-23,68.967499,70.4375,68.717499,68.7575,67.632042,124814400
1170,2020-04-24,69.300003,70.752502,69.25,70.7425,69.584557,126161200
1171,2020-04-27,70.449997,71.135002,69.987503,70.792503,69.633751,117087600
1172,2020-04-28,71.269997,71.457497,69.550003,69.644997,68.50502,112004800
1173,2020-04-29,71.182503,72.417503,70.972504,71.932503,70.755081,137280800
1174,2020-04-30,72.489998,73.6325,72.087502,73.449997,72.247734,183064000
1175,2020-05-01,71.5625,74.75,71.462502,72.267502,71.084595,240616800
1176,2020-05-04,72.292503,73.422501,71.580002,73.290001,72.090355,133568000
1177,2020-05-05,73.764999,75.25,73.614998,74.389999,73.172356,147751200
1178,2020-05-06,75.114998,75.809998,74.717499,75.157501,73.927284,142333600
1179,2020-05-07,75.805,76.292503,75.4925,75.934998,74.692055,115215200
1180,2020-05-08,76.410004,77.587502,76.072502,77.532501,76.469864,133838400
1181,2020-05-11,77.025002,79.262497,76.809998,78.752502,77.673149,145946400
1182,2020-05-12,79.457497,79.922501,77.727501,77.852501,76.785477,162301200
1183,2020-05-13,78.037498,78.987503,75.802498,76.912498,75.85836,200622400
1184,2020-05-14,76.127502,77.447502,75.3825,77.385002,76.324379,158929200
1185,2020-05-15,75.087502,76.974998,75.052498,76.927498,75.873154,166348400
1186,2020-05-18,78.292503,79.125,77.580002,78.739998,77.66082,135178400
1187,2020-05-19,78.7575,79.629997,78.252502,78.285004,77.212036,101729600
1188,2020-05-20,79.169998,79.879997,79.129997,79.807503,78.713684,111504800
1189,2020-05-21,79.665001,80.222504,78.967499,79.212502,78.126839,102688800
1190,2020-05-22,78.942497,79.807503,78.837502,79.722504,78.629852,81803200
1191,2020-05-26,80.875,81.059998,79.125,79.182503,78.097252,125522000
1192,2020-05-27,79.035004,79.677498,78.272499,79.527496,78.437515,112945200
1193,2020-05-28,79.192497,80.860001,78.907501,79.5625,78.472038,133560800
1194,2020-05-29,79.8125,80.287498,79.1175,79.485001,78.395599,153532400
1195,2020-06-01,79.4375,80.587502,79.302498,80.462502,79.359695,80791200
1196,2020-06-02,80.1875,80.860001,79.732498,80.834999,79.727081,87642800
1197,2020-06-03,81.165001,81.550003,80.574997,81.279999,80.166,104491200
1198,2020-06-04,81.097504,81.404999,80.195,80.580002,79.475594,87560400
1199,2020-06-05,80.837502,82.9375,80.807503,82.875,81.739143,137250400
1200,2020-06-08,82.5625,83.400002,81.830002,83.364998,82.22242,95654400
1201,2020-06-09,83.035004,86.402496,83.002502,85.997498,84.81884,147712400
1202,2020-06-10,86.974998,88.692497,86.522499,88.209999,87.001022,166651600
1203,2020-06-11,87.327499,87.764999,83.870003,83.974998,82.824051,201662400
1204,2020-06-12,86.18,86.949997,83.555,84.699997,83.539131,200146000
1205,2020-06-15,83.3125,86.419998,83.144997,85.747498,84.572273,138808800
1206,2020-06-16,87.864998,88.300003,86.18,88.019997,86.813629,165428800
1207,2020-06-17,88.787498,88.849998,87.772499,87.897499,86.692795,114406400
1208,2020-06-18,87.852501,88.362503,87.305,87.932503,86.727325,96820400
1209,2020-06-19,88.660004,89.139999,86.287498,87.43,86.231705,264476000
1210,2020-06-22,87.834999,89.864998,87.787498,89.717499,88.487862,135445200
1211,2020-06-23,91.0,93.095001,90.567497,91.6325,90.37661,212155600
1212,2020-06-24,91.25,92.197502,89.629997,90.014999,88.781288,192623200
1213,2020-06-25,90.175003,91.25,89.392502,91.209999,89.9599,137522400
1214,2020-06-26,91.102501,91.330002,88.254997,88.407501,87.195824,205256800
1215,2020-06-29,88.3125,90.542503,87.82,90.445,89.205391,130646000
1216,2020-06-30,90.019997,91.495003,90.0,91.199997,89.950027,140223200
1217,2020-07-01,91.279999,91.839996,90.977501,91.027496,89.779892,110737200
1218,2020-07-02,91.962502,92.6175,90.910004,91.027496,89.779892,114041600
1219,2020-07-06,92.5,93.945,92.467499,93.462502,92.181526,118655600
1220,2020-07-07,93.852501,94.654999,93.057503,93.172501,91.8955,112424400
1221,2020-07-08,94.18,95.375,94.089996,95.342499,94.035767,117092000
1222,2020-07-09,96.262497,96.317497,94.672501,95.752502,94.44014,125642800
1223,2020-07-10,95.334999,95.980003,94.705002,95.919998,94.605339,90257200
1224,2020-07-13,97.264999,99.955002,95.2575,95.477501,94.168907,191649200
1225,2020-07-14,94.839996,97.254997,93.877502,97.057503,95.727257,170989200
1226,2020-07-15,98.989998,99.247498,96.489998,97.724998,96.385605,153198000
1227,2020-07-16,96.5625,97.404999,95.904999,96.522499,95.199593,110577600
1228,2020-07-17,96.987503,97.147499,95.839996,96.327499,95.007263,92186800
1229,2020-07-20,96.417503,98.5,96.0625,98.357498,97.009438,90318000
1230,2020-07-21,99.172501,99.25,96.7425,97.0,95.67054,103433200
1231,2020-07-22,96.692497,97.974998,96.602501,97.272499,95.939301,89001600
1232,2020-07-23,96.997498,97.077499,92.010002,92.845001,91.572487,197004400
1233,2020-07-24,90.987503,92.970001,89.144997,92.614998,91.345642,185438800
1234,2020-07-27,93.709999,94.904999,93.480003,94.809998,93.510559,121214000
1235,2020-07-28,94.3675,94.550003,93.247498,93.252502,91.974411,103625600
1236,2020-07-29,93.75,95.230003,93.712502,95.040001,93.737411,90329200
1237,2020-07-30,94.1875,96.297501,93.767502,96.190002,94.871643,158130000
1238,2020-07-31,102.885002,106.415001,100.824997,106.260002,104.803635,374336800
1239,2020-08-03,108.199997,111.637497,107.892502,108.9375,107.444435,308151200
1240,2020-08-04,109.1325,110.790001,108.387497,109.665001,108.161957,173071600
1241,2020-08-05,109.377502,110.392502,108.897499,110.0625,108.554008,121776800
1242,2020-08-06,110.404999,114.412498,109.797501,113.902496,112.341385,202428800
1243,2020-08-07,113.205002,113.675003,110.292503,111.112503,109.787231,198045600
1244,2020-08-10,112.599998,113.775002,110.0,112.727501,111.38295,212403600
1245,2020-08-11,111.970001,112.482498,109.107498,109.375,108.070442,187902400
1246,2020-08-12,110.497498,113.275002,110.297501,113.010002,111.662079,165598000
1247,2020-08-13,114.43,116.042503,113.927498,115.010002,113.638229,210082000
1248,2020-08-14,114.830002,115.0,113.044998,114.907501,113.536957,165565200
1249,2020-08-17,116.0625,116.087502,113.962502,114.607498,113.240524,119561600
1250,2020-08-18,114.352501,116.0,114.0075,115.5625,114.184135,105633600
1251,2020-08-19,115.982498,117.162498,115.610001,115.707497,114.327393,145538000
1252,2020-08-20,115.75,118.392502,115.732498,118.275002,116.864281,126907200
1253,2020-08-21,119.262497,124.8675,119.25,124.370003,122.886589,338054800
1254,2020-08-24,128.697495,128.785004,123.9375,125.857498,124.356339,345937600
1255,2020-08-25,124.697502,125.18,123.052498,124.824997,123.336151,211495600
1256,2020-08-26,126.18,126.9925,125.082497,126.522499,125.013412,163022400
1257,2020-08-27,127.142502,127.485001,123.832497,125.010002,123.518944,155552400
1258,2020-08-28,126.012497,126.442497,124.577499,124.807503,123.318878,187630000
1259,2020-08-31,127.580002,131.0,126.0,129.039993,127.500877,225702700
1260,2020-09-01,132.759995,134.800003,130.529999,134.179993,132.579559,151948100
1261,2020-09-02,137.589996,137.979996,127.0,131.399994,129.832733,200119000
1262,2020-09-03,126.910004,128.839996,120.5,120.879997,119.43821,257599600
1263,2020-09-04,120.07,123.699997,110.889999,120.959999,119.51725,332607200
1264,2020-09-08,113.949997,118.989998,112.68,112.82,111.474358,231366600
1265,2020-09-09,117.260002,119.139999,115.260002,117.32,115.920677,176940500
1266,2020-09-10,120.360001,120.5,112.5,113.489998,112.13636,182274400
1267,2020-09-11,114.57,115.230003,110.0,112.0,110.664124,180860300
1268,2020-09-14,114.720001,115.93,112.800003,115.360001,113.984047,140150100
1269,2020-09-15,118.330002,118.830002,113.610001,115.540001,114.161896,184642000
1270,2020-09-16,115.230003,116.0,112.040001,112.129997,110.792572,154679000
1271,2020-09-17,109.720001,112.199997,108.709999,110.339996,109.023918,178011000
1272,2020-09-18,110.400002,110.879997,106.089996,106.839996,105.565674,287104900
1273,2020-09-21,104.540001,110.190002,103.099998,110.080002,108.767021,195713800
1274,2020-09-22,112.68,112.860001,109.160004,111.809998,110.476387,183055400
1275,2020-09-23,111.620003,112.110001,106.769997,107.120003,105.842331,150718700
1276,2020-09-24,105.169998,110.25,105.0,108.220001,106.929214,167743300
1277,2020-09-25,108.43,112.440002,107.669998,112.279999,110.940781,149981400
1278,2020-09-28,115.010002,115.32,112.779999,114.959999,113.588821,137672400
1279,2020-09-29,114.550003,115.309998,113.57,114.089996,112.729202,99382200
1280,2020-09-30,113.790001,117.260002,113.620003,115.809998,114.42868,142675200
1281,2020-10-01,117.639999,117.720001,115.830002,116.790001,115.396988,116120400
1282,2020-10-02,112.889999,115.370003,112.220001,113.019997,111.671951,144712000
1283,2020-10-05,113.910004,116.650002,113.550003,116.5,115.110466,106243800
1284,2020-10-06,115.699997,116.120003,112.25,113.160004,111.810295,161498200
1285,2020-10-07,114.620003,115.550003,114.129997,115.080002,113.707397,96849000
1286,2020-10-08,116.25,116.400002,114.589996,114.970001,113.598701,83477200
1287,2020-10-09,115.279999,117.0,114.919998,116.970001,115.574837,100506900
1288,2020-10-12,120.059998,125.18,119.279999,124.400002,122.916237,240226800
1289,2020-10-13,125.269997,125.389999,119.650002,121.099998,119.655579,262330500
1290,2020-10-14,121.0,123.029999,119.620003,121.190002,119.744522,150712000
1291,2020-10-15,118.720001,121.199997,118.150002,120.709999,119.270248,112559200
1292,2020-10-16,121.279999,121.550003,118.809998,119.019997,117.600395,115393800
1293,2020-10-19,119.959999,120.419998,115.660004,115.980003,114.596664,120639300
1294,2020-10-20,116.199997,118.980003,115.629997,117.510002,116.108414,124423700
1295,2020-10-21,116.669998,118.709999,116.449997,116.870003,115.476051,89946000
1296,2020-10-22,117.449997,118.040001,114.589996,115.75,114.369392,101988000
1297,2020-10-23,116.389999,116.550003,114.279999,115.040001,113.66787,82572600
1298,2020-10-26,114.010002,116.550003,112.879997,115.050003,113.67775,111850700
1299,2020-10-27,115.489998,117.279999,114.540001,116.599998,115.209251,92276800
1300,2020-10-28,115.050003,115.43,111.099998,111.199997,109.873665,143937800
1301,2020-10-29,112.370003,116.93,112.199997,115.32,113.944527,146129200
1302,2020-10-30,111.059998,111.989998,107.720001,108.860001,107.561577,190272600
1303,2020-11-02,109.110001,110.68,107.32,108.769997,107.472649,122866900
1304,2020-11-03,109.660004,111.489998,108.730003,110.440002,109.122742,107624400
1305,2020-11-04,114.139999,115.589996,112.349998,114.949997,113.578941,138235500
1306,2020-11-05,117.949997,119.620003,116.870003,119.029999,117.610275,126387100
1307,2020-11-06,118.32,119.199997,116.129997,118.690002,117.476662,114457900
1308,2020-11-09,120.5,121.989998,116.050003,116.32,115.130898,154515300
1309,2020-11-10,115.550003,117.589996,114.129997,115.970001,114.78447,138023400
1310,2020-11-11,117.190002,119.629997,116.440002,119.489998,118.268471,112295000
1311,2020-11-12,119.620003,120.529999,118.57,119.209999,117.991348,103162300
1312,2020-11-13,119.440002,119.669998,117.870003,119.260002,118.040825,81581900
1313,2020-11-16,118.919998,120.989998,118.150002,120.300003,119.070206,91183000
1314,2020-11-17,119.550003,120.669998,118.959999,119.389999,118.16951,74271000
1315,2020-11-18,118.610001,119.82,118.0,118.029999,116.823402,76322100
1316,2020-11-19,117.589996,119.059998,116.809998,118.639999,117.42717,74113000
1317,2020-11-20,118.639999,118.769997,117.290001,117.339996,116.14045,73604300
1318,2020-11-23,117.18,117.620003,113.75,113.849998,112.686142,127959300
1319,2020-11-24,113.910004,115.849998,112.589996,115.169998,113.99263,113874200
1320,2020-11-25,115.550003,116.75,115.169998,116.029999,114.843849,76499200
1321,2020-11-27,116.57,117.489998,116.220001,116.589996,115.398117,46691300
1322,2020-11-30,116.970001,120.970001,116.809998,119.050003,117.832985,169410200
1323,2020-12-01,121.010002,123.470001,120.010002,122.720001,121.465469,127728200
1324,2020-12-02,122.019997,123.370003,120.889999,123.080002,121.821785,89004200
1325,2020-12-03,123.519997,123.779999,122.209999,122.940002,121.683212,78967600
1326,2020-12-04,122.599998,122.860001,121.519997,122.25,121.000259,78260400
1327,2020-12-07,122.309998,124.57,122.25,123.75,122.484924,86712000
1328,2020-12-08,124.370003,124.980003,123.089996,124.379997,123.108482,82225500
1329,2020-12-09,124.529999,125.949997,121.0,121.779999,120.535065,115089200
1330,2020-12-10,120.5,123.870003,120.150002,123.239998,121.980148,81312200
1331,2020-12-11,122.43,122.760002,120.550003,122.410004,121.158638,86939800
1332,2020-12-14,122.599998,123.349998,121.540001,121.779999,120.535065,79184500
1333,2020-12-15,124.339996,127.900002,124.129997,127.879997,126.572708,157243700
1334,2020-12-16,127.410004,128.369995,126.559998,127.809998,126.503418,98208600
1335,2020-12-17,128.899994,129.580002,128.039993,128.699997,127.384338,94359800
1336,2020-12-18,128.960007,129.100006,126.120003,126.660004,125.365189,192541500
1337,2020-12-21,125.019997,128.309998,123.449997,128.229996,126.919136,121251600
1338,2020-12-22,131.610001,134.410004,129.649994,131.880005,130.531815,168904800
1339,2020-12-23,132.160004,132.429993,130.779999,130.960007,129.621246,88223700
1340,2020-12-24,131.320007,133.460007,131.100006,131.970001,130.620895,54930100
1341,2020-12-28,133.990005,137.339996,133.509995,136.690002,135.292664,124486200
1342,2020-12-29,138.050003,138.789993,134.339996,134.869995,133.491257,121047300
1343,2020-12-30,135.580002,135.990005,133.399994,133.720001,132.353012,96452100
1344,2020-12-31,134.080002,134.740005,131.720001,132.690002,131.333542,99116600
1345,2021-01-04,133.520004,133.610001,126.760002,129.410004,128.087067,143301900
1346,2021-01-05,128.889999,131.740005,128.429993,131.009995,129.670731,97664900
1347,2021-01-06,127.720001,131.050003,126.379997,126.599998,125.305786,155088000
1348,2021-01-07,128.360001,131.630005,127.860001,130.919998,129.581635,109578200
1349,2021-01-08,132.429993,132.630005,130.229996,132.050003,130.700089,105158200
1350,2021-01-11,129.190002,130.169998,128.5,128.979996,127.661446,100384500
1351,2021-01-12,128.5,129.690002,126.860001,128.800003,127.483307,91951100
1352,2021-01-13,128.759995,131.449997,128.490005,130.889999,129.551941,88636800
1353,2021-01-14,130.800003,131.0,128.759995,128.910004,127.592178,90221800
1354,2021-01-15,128.779999,130.220001,127.0,127.139999,125.840279,111598500
1355,2021-01-19,127.779999,128.710007,126.940002,127.830002,126.523224,90757300
1356,2021-01-20,128.660004,132.490005,128.550003,132.029999,130.680298,104319500
1357,2021-01-21,133.800003,139.669998,133.589996,136.869995,135.470795,120150900
1358,2021-01-22,136.279999,139.850006,135.020004,139.070007,137.648331,114459400
1359,2021-01-25,143.070007,145.089996,136.539993,142.919998,141.458954,157611700
1360,2021-01-26,143.600006,144.300003,141.369995,143.160004,141.696503,98390600
1361,2021-01-27,143.429993,144.300003,140.410004,142.059998,140.607742,140843800
1362,2021-01-28,139.520004,141.990005,136.699997,137.089996,135.688553,142621100
1363,2021-01-29,135.830002,136.740005,130.210007,131.960007,130.611008,177523800
1364,2021-02-01,133.75,135.380005,130.929993,134.139999,132.768723,106239800
1365,2021-02-02,135.729996,136.309998,134.610001,134.990005,133.610031,83305400
1366,2021-02-03,135.759995,135.770004,133.610001,133.940002,132.57077,89880900
1367,2021-02-04,136.300003,137.399994,134.589996,137.389999,135.985504,84183100
1368,2021-02-05,137.350006,137.419998,135.860001,136.759995,135.564194,75693800
1369,2021-02-08,136.029999,136.960007,134.919998,136.910004,135.712891,71297200
1370,2021-02-09,136.619995,137.880005,135.850006,136.009995,134.82077,76774200
1371,2021-02-10,136.479996,136.990005,134.399994,135.389999,134.206161,73046600
1372,2021-02-11,135.899994,136.389999,133.770004,135.130005,133.948471,64280000
1373,2021-02-12,134.350006,135.529999,133.690002,135.369995,134.18634,60145100
1374,2021-02-16,135.490005,136.009995,132.789993,133.190002,132.025421,80576300
1375,2021-02-17,131.25,132.220001,129.470001,130.839996,129.695969,97918500
1376,2021-02-18,129.199997,130.0,127.410004,129.710007,128.575867,96856700
1377,2021-02-19,130.240005,130.710007,128.800003,129.869995,128.734436,87668800
1378,2021-02-22,128.009995,129.720001,125.599998,126.0,124.898293,103916400
1379,2021-02-23,123.760002,126.709999,118.389999,125.860001,124.759521,158273000
1380,2021-02-24,124.940002,125.559998,122.230003,125.349998,124.253967,111039900
1381,2021-02-25,124.68,126.459999,120.540001,120.989998,119.932098,148199500
1382,2021-02-26,122.589996,124.849998,121.199997,121.260002,120.19973,164560400
1383,2021-03-01,123.75,127.93,122.790001,127.790001,126.672638,116307900
1384,2021-03-02,128.410004,128.720001,125.010002,125.120003,124.025986,102260900
1385,2021-03-03,124.809998,125.709999,121.839996,122.059998,120.992729,112966300
1386,2021-03-04,121.75,123.599998,118.620003,120.129997,119.079613,178155000
1387,2021-03-05,120.980003,121.940002,117.57,121.419998,120.35833,153766600
1388,2021-03-08,120.93,121.0,116.209999,116.360001,115.342583,154376600
1389,2021-03-09,119.029999,122.059998,118.790001,121.089996,120.031219,129525800
1390,2021-03-10,121.690002,122.169998,119.449997,119.980003,118.930931,111943300
1391,2021-03-11,122.540001,123.209999,121.260002,121.959999,120.893616,103026500
1392,2021-03-12,120.400002,121.169998,119.160004,121.029999,119.971741,88105100
1393,2021-03-15,121.410004,124.0,120.419998,123.989998,122.905869,92403800
1394,2021-03-16,125.699997,127.220001,124.720001,125.57,124.472046,115227900
1395,2021-03-17,124.050003,125.860001,122.339996,124.760002,123.669136,111932600
1396,2021-03-18,122.879997,123.18,120.32,120.529999,119.476112,121229700
1397,2021-03-19,119.900002,121.43,119.68,119.989998,118.940834,185549500
1398,2021-03-22,120.330002,123.870003,120.260002,123.389999,122.311119,111912300
1399,2021-03-23,123.330002,124.239998,122.139999,122.540001,121.468536,95467100
1400,2021-03-24,122.82,122.900002,120.07,120.089996,119.039963,88530500
1401,2021-03-25,119.540001,121.660004,119.0,120.589996,119.535583,98844700
1402,2021-03-26,120.349998,121.480003,118.919998,121.209999,120.150177,94071200
1403,2021-03-29,121.650002,122.580002,120.730003,121.389999,120.328606,80819200
1404,2021-03-30,120.110001,120.400002,118.860001,119.900002,118.851624,85671900
1405,2021-03-31,121.650002,123.519997,121.150002,122.150002,121.081955,118323800
1406,2021-04-01,123.660004,124.18,122.489998,123.0,121.924515,75089100
1407,2021-04-05,123.870003,126.160004,123.07,125.900002,124.799164,88651200
1408,2021-04-06,126.5,127.129997,125.650002,126.209999,125.106461,80171300
1409,2021-04-07,125.830002,127.919998,125.139999,127.900002,126.781677,83466700
1410,2021-04-08,128.949997,130.389999,128.520004,130.360001,129.220169,88844600
1411,2021-04-09,129.800003,133.039993,129.470001,133.0,131.837082,106686700
1412,2021-04-12,132.520004,132.850006,130.630005,131.240005,130.092468,91420000
1413,2021-04-13,132.440002,134.660004,131.929993,134.429993,133.254593,91266500
1414,2021-04-14,134.940002,135.0,131.660004,132.029999,130.875565,87222800
1415,2021-04-15,133.820007,135.0,133.639999,134.5,133.323975,89347100
1416,2021-04-16,134.300003,134.669998,133.279999,134.160004,132.986954,84922400
1417,2021-04-19,133.509995,135.470001,133.339996,134.839996,133.660995,94264200
1418,2021-04-20,135.020004,135.529999,131.809998,133.110001,131.946106,94812300
1419,2021-04-21,132.360001,133.75,131.300003,133.5,132.332718,68847100
1420,2021-04-22,133.039993,134.149994,131.410004,131.940002,130.786346,84566500
1421,2021-04-23,132.160004,135.119995,132.160004,134.320007,133.145538,78657500
1422,2021-04-26,134.830002,135.059998,133.559998,134.720001,133.542053,66905100
1423,2021-04-27,135.009995,135.410004,134.110001,134.389999,133.21492,66015800
1424,2021-04-28,134.309998,135.020004,133.080002,133.580002,132.412003,107760100
1425,2021-04-29,136.470001,137.070007,132.449997,133.479996,132.312897,151101000
1426,2021-04-30,131.779999,133.559998,131.070007,131.460007,130.310577,109839500
1427,2021-05-03,132.039993,134.070007,131.830002,132.539993,131.381104,75135100
1428,2021-05-04,131.190002,131.490005,126.699997,127.849998,126.732117,137564700
1429,2021-05-05,129.199997,130.449997,127.970001,128.100006,126.979935,84000900
1430,2021-05-06,127.889999,129.75,127.129997,129.740005,128.605591,78128300
1431,2021-05-07,130.850006,131.259995,129.479996,130.210007,129.290726,78973300
1432,2021-05-10,129.410004,129.539993,126.809998,126.849998,125.954437,88071200
1433,2021-05-11,123.5,126.269997,122.769997,125.910004,125.021072,126142800
1434,2021-05-12,123.400002,124.639999,122.25,122.769997,121.903236,112172300
1435,2021-05-13,124.580002,126.150002,124.260002,124.970001,124.087715,105861300
1436,2021-05-14,126.25,127.889999,125.849998,127.449997,126.550194,81918000
1437,2021-05-17,126.82,126.93,125.169998,126.269997,125.378525,74244600
1438,2021-05-18,126.559998,126.989998,124.779999,124.849998,123.968559,63342900
1439,2021-05-19,123.160004,124.919998,122.860001,124.690002,123.809685,92612000
1440,2021-05-20,125.230003,127.720001,125.099998,127.309998,126.411179,76857100
1441,2021-05-21,127.82,128.0,125.209999,125.43,124.544464,79295400
1442,2021-05-24,126.010002,127.940002,125.940002,127.099998,126.202667,63092900
1443,2021-05-25,127.82,128.320007,126.32,126.900002,126.004082,72009500
1444,2021-05-26,126.959999,127.389999,126.419998,126.849998,125.954437,56575900
1445,2021-05-27,126.440002,127.639999,125.080002,125.279999,124.395523,94625600
1446,2021-05-28,125.57,125.800003,124.550003,124.610001,123.730263,71311100
1447,2021-06-01,125.080002,125.349998,123.940002,124.279999,123.40258,67637100
1448,2021-06-02,124.279999,125.239998,124.050003,125.059998,124.177071,59278900
1449,2021-06-03,124.68,124.849998,123.129997,123.540001,122.667816,76229200
1450,2021-06-04,124.07,126.160004,123.849998,125.889999,125.001213,75169300
1451,2021-06-07,126.169998,126.32,124.830002,125.900002,125.011147,71057600
1452,2021-06-08,126.599998,128.460007,126.209999,126.739998,125.845215,74403800
1453,2021-06-09,127.209999,127.75,126.519997,127.129997,126.23246,56877900
1454,2021-06-10,127.019997,128.190002,125.940002,126.110001,125.219666,71186400
1455,2021-06-11,126.529999,127.440002,126.099998,127.349998,126.450912,53522400
1456,2021-06-14,127.82,130.539993,127.07,130.479996,129.558807,96906500
1457,2021-06-15,129.940002,130.600006,129.389999,129.639999,128.724731,62746300
1458,2021-06-16,130.369995,130.889999,128.460007,130.149994,129.23114,91815000
1459,2021-06-17,129.800003,132.550003,129.649994,131.789993,130.859543,96721700
1460,2021-06-18,130.710007,131.509995,130.240005,130.460007,129.538971,108953300
1461,2021-06-21,130.300003,132.410004,129.210007,132.300003,131.365952,79663300
1462,2021-06-22,132.130005,134.080002,131.619995,133.979996,133.034088,74783600
1463,2021-06-23,133.770004,134.320007,133.229996,133.699997,132.756088,60214200
1464,2021-06-24,134.449997,134.639999,132.929993,133.410004,132.46814,68711000
1465,2021-06-25,133.460007,133.889999,132.809998,133.110001,132.170242,70783700
1466,2021-06-28,133.410004,135.25,133.350006,134.779999,133.82843,62111300
1467,2021-06-29,134.800003,136.490005,134.350006,136.330002,135.367493,64556100
1468,2021-06-30,136.169998,137.410004,135.869995,136.960007,135.993073,63261400
1469,2021-07-01,136.600006,137.330002,135.759995,137.270004,136.300888,52485800
1470,2021-07-02,137.899994,140.0,137.75,139.960007,138.971893,78852600
1471,2021-07-06,140.070007,143.149994,140.070007,142.020004,141.017349,108181800
1472,2021-07-07,143.539993,144.889999,142.660004,144.570007,143.549332,104911600
1473,2021-07-08,141.580002,144.059998,140.669998,143.240005,142.228745,105575500
1474,2021-07-09,142.75,145.649994,142.649994,145.110001,144.08551,99890800
1475,2021-07-12,146.210007,146.320007,144.0,144.5,143.479828,76299700
1476,2021-07-13,144.029999,147.460007,143.630005,145.639999,144.611771,100827100
1477,2021-07-14,148.100006,149.570007,147.679993,149.149994,148.096985,127050800
1478,2021-07-15,149.240005,150.0,147.089996,148.479996,147.431732,106820300
1479,2021-07-16,148.460007,149.759995,145.880005,146.389999,145.356476,93251400
1480,2021-07-19,143.75,144.070007,141.669998,142.449997,141.444305,121434600
1481,2021-07-20,143.460007,147.100006,142.960007,146.149994,145.118179,96350000
1482,2021-07-21,145.529999,146.130005,144.630005,145.399994,144.373459,74993500
1483,2021-07-22,145.940002,148.199997,145.809998,146.800003,145.76358,77338200
1484,2021-07-23,147.550003,148.720001,146.919998,148.559998,147.511154,71447400
1485,2021-07-26,148.270004,149.830002,147.699997,148.990005,147.938126,72434100
1486,2021-07-27,149.119995,149.210007,145.550003,146.770004,145.733795,104818600
1487,2021-07-28,144.809998,146.970001,142.539993,144.979996,143.956436,118931200
1488,2021-07-29,144.690002,146.550003,144.580002,145.639999,144.611771,56699500
1489,2021-07-30,144.380005,146.330002,144.110001,145.860001,144.830215,70440600
1490,2021-08-02,146.360001,146.949997,145.25,145.520004,144.49263,62880000
1491,2021-08-03,145.809998,148.039993,145.179993,147.360001,146.319626,64786600
1492,2021-08-04,147.270004,147.789993,146.279999,146.949997,145.912537,56368300
1493,2021-08-05,146.979996,147.839996,146.169998,147.059998,146.021744,46397700
1494,2021-08-06,146.350006,147.110001,145.630005,146.139999,145.325653,54126800
1495,2021-08-09,146.199997,146.699997,145.520004,146.089996,145.275925,48908700
1496,2021-08-10,146.440002,147.710007,145.300003,145.600006,144.788681,69023100
1497,2021-08-11,146.050003,146.720001,145.529999,145.860001,145.047211,48493500
1498,2021-08-12,146.190002,149.050003,145.839996,148.889999,148.060333,72282600
1499,2021-08-13,148.970001,149.440002,148.270004,149.100006,148.269165,59375000
1500,2021-08-16,148.539993,151.190002,146.470001,151.119995,150.277893,103296000
1501,2021-08-17,150.229996,151.679993,149.089996,150.190002,149.353104,92229700
1502,2021-08-18,149.800003,150.720001,146.149994,146.360001,145.544418,86326000
1503,2021-08-19,145.029999,148.0,144.5,146.699997,145.882538,86960300
1504,2021-08-20,147.440002,148.5,146.779999,148.190002,147.364258,60549600
1505,2021-08-23,148.309998,150.190002,147.889999,149.710007,148.875778,60131800
1506,2021-08-24,149.449997,150.860001,149.149994,149.619995,148.786255,48606400
1507,2021-08-25,149.809998,150.320007,147.800003,148.360001,147.533279,58991300
1508,2021-08-26,148.350006,149.119995,147.509995,147.539993,146.717865,48597200
1509,2021-08-27,147.479996,148.75,146.830002,148.600006,147.771973,55802400
1510,2021-08-30,149.0,153.490005,148.610001,153.119995,152.266754,90956700
1511,2021-08-31,152.660004,152.800003,151.289993,151.830002,150.983948,86453100
1512,2021-09-01,152.830002,154.979996,152.339996,152.509995,151.660156,80313700
1513,2021-09-02,153.869995,154.720001,152.399994,153.649994,152.793793,71115500
1514,2021-09-03,153.759995,154.630005,153.089996,154.300003,153.440186,57808700
1515,2021-09-07,154.970001,157.259995,154.389999,156.690002,155.816879,82278300
1516,2021-09-08,156.979996,157.039993,153.979996,155.110001,154.245682,74420200
1517,2021-09-09,155.490005,156.110001,153.949997,154.070007,153.211472,57305700
1518,2021-09-10,155.0,155.479996,148.699997,148.970001,148.139893,140893200
1519,2021-09-13,150.630005,151.419998,148.75,149.550003,148.716675,102404300
1520,2021-09-14,150.350006,151.070007,146.910004,148.119995,147.294601,109296300
1521,2021-09-15,148.559998,149.440002,146.369995,149.029999,148.199554,83281300
1522,2021-09-16,148.440002,148.970001,147.220001,148.789993,147.960892,68034100
1523,2021-09-17,148.820007,148.820007,145.759995,146.059998,145.246094,129868800
1524,2021-09-20,143.800003,144.839996,141.270004,142.940002,142.143494,123478900
1525,2021-09-21,143.929993,144.600006,142.779999,143.429993,142.630753,75834000
1526,2021-09-22,144.449997,146.429993,143.699997,145.850006,145.037277,76404300
1527,2021-09-23,146.649994,147.080002,145.639999,146.830002,146.01181,64838200
1528,2021-09-24,145.660004,147.470001,145.559998,146.919998,146.101303,53477900
1529,2021-09-27,145.470001,145.960007,143.820007,145.369995,144.559952,74150700
1530,2021-09-28,143.25,144.75,141.690002,141.910004,141.119217,108972300
1531,2021-09-29,142.470001,144.449997,142.029999,142.830002,142.034119,74602000
1532,2021-09-30,143.660004,144.380005,141.279999,141.5,140.711517,89056700
1533,2021-10-01,141.899994,142.919998,139.110001,142.649994,141.855103,94639600
1534,2021-10-04,141.759995,142.210007,138.270004,139.139999,138.364655,98322000
1535,2021-10-05,139.490005,142.240005,139.360001,141.110001,140.323685,80861100
1536,2021-10-06,139.470001,142.149994,138.369995,142.0,141.20874,83221100
1537,2021-10-07,143.059998,144.220001,142.720001,143.289993,142.491531,61732700
1538,2021-10-08,144.029999,144.179993,142.559998,142.899994,142.103699,58773200
1539,2021-10-11,142.270004,144.809998,141.809998,142.809998,142.014221,64452200
1540,2021-10-12,143.229996,143.25,141.039993,141.509995,140.721451,73035900
1541,2021-10-13,141.240005,141.399994,139.199997,140.910004,140.124802,78762700
1542,2021-10-14,142.110001,143.880005,141.509995,143.759995,142.958923,69907100
1543,2021-10-15,143.770004,144.899994,143.509995,144.839996,144.032913,67940300
1544,2021-10-18,143.449997,146.839996,143.160004,146.550003,145.733383,85589200
1545,2021-10-19,147.009995,149.169998,146.550003,148.759995,147.931046,76378900
1546,2021-10-20,148.699997,149.75,148.119995,149.259995,148.428284,58418800
1547,2021-10-21,148.809998,149.639999,147.869995,149.479996,148.647034,61421000
1548,2021-10-22,149.690002,150.179993,148.639999,148.690002,147.861465,58883400
1549,2021-10-25,148.679993,149.369995,147.619995,148.639999,147.811722,50720600
1550,2021-10-26,149.330002,150.839996,149.009995,149.320007,148.487961,60893400
1551,2021-10-27,149.360001,149.729996,148.490005,148.850006,148.020569,56094900
1552,2021-10-28,149.820007,153.169998,149.720001,152.570007,151.719833,100077900
1553,2021-10-29,147.220001,149.940002,146.410004,149.800003,148.965271,124953200
1554,2021-11-01,148.990005,149.699997,147.800003,148.960007,148.129959,74588300
1555,2021-11-02,148.660004,151.570007,148.649994,150.020004,149.184052,69122000
1556,2021-11-03,150.389999,151.970001,149.820007,151.490005,150.645874,54511500
1557,2021-11-04,151.580002,152.429993,150.639999,150.960007,150.11882,60394600
1558,2021-11-05,151.889999,152.199997,150.059998,151.279999,150.656586,65463900
1559,2021-11-08,151.410004,151.570007,150.160004,150.440002,149.820023,55020900
1560,2021-11-09,150.199997,151.429993,150.059998,150.809998,150.188522,56787900
1561,2021-11-10,150.020004,150.130005,147.850006,147.919998,147.310425,65187100
1562,2021-11-11,148.960007,149.429993,147.679993,147.869995,147.26062,41000000
1563,2021-11-12,148.429993,150.399994,147.479996,149.990005,149.371902,63804000
1564,2021-11-15,150.369995,151.880005,149.429993,150.0,149.381851,59222800
1565,2021-11-16,149.940002,151.490005,149.339996,151.0,150.377731,59256200
1566,2021-11-17,151.0,155.0,150.990005,153.490005,152.857468,88807000
1567,2021-11-18,153.710007,158.669998,153.050003,157.869995,157.219421,137827700
1568,2021-11-19,157.649994,161.020004,156.529999,160.550003,159.888367,117305600
1569,2021-11-22,161.679993,165.699997,161.0,161.020004,160.356445,117467900
1570,2021-11-23,161.119995,161.800003,159.059998,161.410004,160.744827,96041900
1571,2021-11-24,160.75,162.139999,159.639999,161.940002,161.272644,69463600
1572,2021-11-26,159.570007,160.449997,156.360001,156.809998,156.163788,76959800
1573,2021-11-29,159.369995,161.190002,158.789993,160.240005,159.579666,88748200
1574,2021-11-30,159.990005,165.520004,159.919998,165.300003,164.618805,174048100
1575,2021-12-01,167.479996,170.300003,164.529999,164.770004,164.090988,152052500
1576,2021-12-02,158.740005,164.199997,157.800003,163.759995,163.085144,136739200
1577,2021-12-03,164.020004,164.960007,159.720001,161.839996,161.17305,118023100
1578,2021-12-06,164.289993,167.880005,164.279999,165.320007,164.638718,107497000
1579,2021-12-07,169.080002,171.580002,168.339996,171.179993,170.474548,120405400
1580,2021-12-08,172.130005,175.960007,170.699997,175.080002,174.35849,116998900
1581,2021-12-09,174.910004,176.75,173.919998,174.559998,173.840637,108923700
1582,2021-12-10,175.210007,179.630005,174.690002,179.449997,178.71048,115402700
1583,2021-12-13,181.119995,182.130005,175.529999,175.740005,175.015793,153237000
1584,2021-12-14,175.25,177.740005,172.210007,174.330002,173.611588,139380400
1585,2021-12-15,175.110001,179.5,172.309998,179.300003,178.561111,131063300
1586,2021-12-16,179.279999,181.139999,170.75,172.259995,171.550095,150185800
1587,2021-12-17,169.929993,173.470001,169.690002,171.139999,170.434723,195432700
1588,2021-12-20,168.279999,170.580002,167.460007,169.75,169.050461,107499100
1589,2021-12-21,171.559998,173.199997,169.119995,172.990005,172.2771,91185900
1590,2021-12-22,173.039993,175.860001,172.149994,175.639999,174.916183,92135300
1591,2021-12-23,175.850006,176.850006,175.270004,176.279999,175.553558,68356600
1592,2021-12-27,177.089996,180.419998,177.070007,180.330002,179.586868,74919600
1593,2021-12-28,180.160004,181.330002,178.529999,179.289993,178.551147,79144300
1594,2021-12-29,179.330002,180.630005,178.139999,179.380005,178.640778,62348900
1595,2021-12-30,179.470001,180.570007,178.089996,178.199997,177.465622,59773000
1596,2021-12-31,178.089996,179.229996,177.259995,177.570007,176.838242,64062300
